,pk,AREA_NM,New_ADDR,Old_ADDR
0,0,브랭섬홀아시아 아이스링크,제주특별자치도 서귀포시 대정읍 글로벌에듀로 234(3번게이트),제주특별자치도 서귀포시 대정읍 구억리 1121
1,1,(주)제주해양레저 투명카약,제주특별자치도 제주시 애월읍 애월로1길 22,제주특별자치도 제주시 애월읍 애월리 2490-1
2,2,1100고지(휴게소),제주특별자치도 서귀포시 1100로 1555,제주특별자치도 서귀포시 색달동 산1-3
3,3,1100고지습지,제주특별자치도 서귀포시 색달동 산 1-2,제주특별자치도 서귀포시 색달동 산 1-2
4,4,1112도로,제주특별자치도 제주시 명림로 584 (봉개동),제주특별자치도 제주시 봉개동 산78-1
5,5,4·3해원방사탑,제주특별자치도 제주시 신산로 82,제주특별자치도 제주시 일도이동 837-20
6,6,5.16도로숲터널,제주특별자치도 서귀포시 남원읍 신례리 산 2-1,제주특별자치도 서귀포시 남원읍 신례리 산 2-1
7,7,9.81 파크,제주특별자치도 제주시 애월읍 천덕로 880-24,제주특별자치도 제주시 애월읍 어음리 3916
8,8,998서프 삼양,제주특별자치도 제주시 선사로8길 33,제주특별자치도 제주시 삼양일동 1599-39
9,9,9연대 본부 옛터,제주특별자치도 서귀포시 대정읍 일주서로 2497,제주특별자치도 서귀포시 대정읍 상모리 3332
10,10,Cafe 몽스파,제주특별자치도 제주시 서사로 28,제주특별자치도 제주시 삼도일동 751-1
11,11,M1971 요트투어,제주특별자치도 서귀포시 대정읍 최남단해안로 128,제주특별자치도 서귀포시 대정읍 하모리 646-20
12,12,SM 디지털아트 뮤지엄,제주특별자치도 제주시 애월읍 애월해안로 516-7,제주특별자치도 제주시 애월읍 신엄리 2768-7
13,13,THE WE,제주특별자치도 서귀포시 1100로 453-95,제주특별자치도 서귀포시 회수동 30
14,14,WE호텔 웰니스센터,제주특별자치도 서귀포시 1100로 453-95,제주특별자치도 서귀포시 회수동 30
15,15,가마오름,제주특별자치도 제주시 한경면 청수서5길 63,제주특별자치도 제주시 한경면 청수리 847
16,16,가마오름 진지동굴,제주특별자치도 제주시 한경면 청수서5길 63,제주특별자치도 제주시 한경면 청수리 847
17,17,가메오름,제주특별자치도 제주시 애월읍 봉성리 산 125,제주특별자치도 제주시 애월읍 봉성리 산 125
18,18,가뫼물,제주특별자치도 서귀포시 남원읍 남위남성로 168,제주특별자치도 서귀포시 남원읍 남원리 2140-6
19,19,가문이오름(감은이오름),제주특별자치도 서귀포시 표선면 남조로 1487-73,제주특별자치도 서귀포시 표선면 가시리 산158
20,20,가세오름,제주특별자치도 서귀포시 표선면 녹산로 554,제주특별자치도 서귀포시 표선면 가시리 3795-2
21,21,가파도,제주특별자치도 서귀포시 대정읍 가파리,제주특별자치도 서귀포시 대정읍 가파리
22,22,가파도 마라도 정기여객선,제주특별자치도 서귀포시 대정읍 최남단해안로 120,제주특별자치도 서귀포시 대정읍 하모리 646-20
23,23,가파초등학교 마라분교장,제주특별자치도 서귀포시 대정읍 마라로 58,제주특별자치도 서귀포시 대정읍 가파리 696
24,24,각시바우오름,제주특별자치도 서귀포시 호근동 2112,제주특별자치도 서귀포시 호근동 2112
25,25,간세공방,제주특별자치도 서귀포시 중정로 22,제주특별자치도 서귀포시 서귀동 316-1
26,26,감귤박물관,제주특별자치도 서귀포시 효돈순환로 441,제주특별자치도 서귀포시 신효동 1200-6
27,27,감귤박물관 월라봉 산책로 - 생이소리길,제주특별자치도 서귀포시 효돈순환로 441,제주특별자치도 서귀포시 신효동 1200-6
28,28,감귤상웨빵 체험,제주특별자치도 서귀포시 남원읍 하례중앙로 95,제주특별자치도 서귀포시 남원읍 하례리 677
29,29,감성을담다,제주특별자치도 제주시 구좌읍 평대7길 20-1,제주특별자치도 제주시 구좌읍 평대리 579-8
30,30,감수굴 밭담길,제주특별자치도 제주시 구좌읍 평대7길 34,제주특별자치도 제주시 구좌읍 평대리 584-1
31,31,갑자기 히어로즈 벽화길,제주특별자치도 제주시 애월읍 금성1길 29-3,제주특별자치도 제주시 애월읍 금성리 569
32,32,갓전시관[갓전수교육관],제주특별자치도 제주시 조천읍 남조로 1904,제주특별자치도 제주시 조천읍 교래리 457-1
33,33,강병대교회,제주특별자치도 서귀포시 대정읍 상모대서로 43-3,제주특별자치도 서귀포시 대정읍 상모리 3846
34,34,강정어촌계,제주특별자치도 서귀포시 말질로 290,제주특별자치도 서귀포시 강정동 4964
35,35,강정천유원지,제주특별자치도 서귀포시 강정통물로 (강정동),제주특별자치도 서귀포시 강정동
36,36,개떼목장,제주특별자치도 서귀포시 안덕면 평화로 486 (덕수리),제주특별자치도 서귀포시 안덕면 덕수리 1513-1
37,37,개미남,제주특별자치도 제주시 구산로 26,제주특별자치도 제주시 아라일동 2408-18
38,38,개오름,제주특별자치도 서귀포시 표선면 성읍이리로57번길 162,제주특별자치도 서귀포시 표선면 성읍리 2974
39,39,개오리오름,제주특별자치도 제주시 봉개동,제주특별자치도 제주시 봉개동
40,40,개인공간,제주특별자치도 제주시 매촌1길 3-1,제주특별자치도 제주시 도련이동 542-1
41,41,갤러리2 중선농원,제주특별자치도 제주시 영평길 269,제주특별자치도 제주시 월평동 1348-3
42,42,거린오름 (북오름),제주특별자치도 서귀포시 안덕면 동광리 산 94,제주특별자치도 서귀포시 안덕면 동광리 산 94
43,43,거문오름(UNESCO 세계자연유산),제주특별자치도 제주시 조천읍 선교로 569-36,제주특별자치도 제주시 조천읍 선흘리 478
44,44,거믄여해안경승지,제주특별자치도 서귀포시 516로,제주특별자치도 서귀포시 토평동
45,45,거슨새미오름,제주특별자치도 제주시 구좌읍 송당리 산 145,제주특별자치도 제주시 구좌읍 송당리 산 145
46,46,거인의 정원,제주특별자치도 제주시 대원길 58,제주특별자치도 제주시 아라일동 2853-1
47,47,거친오름,제주특별자치도 제주시 명림로 520 (봉개동),제주특별자치도 제주시 봉개동 산51-2
48,48,건강과성박물관,제주특별자치도 서귀포시 안덕면 일주서로 1611,제주특별자치도 서귀포시 안덕면 감산리 1736
49,49,건강장수마을 산양리 농어촌체험마을,제주특별자치도 제주시 한경면 중산간서로 3169,제주특별자치도 제주시 한경면 청수리 3256-3
50,50,걸매생태공원,제주특별자치도 서귀포시 남성로 (서홍동),제주 서귀포시 서홍동 1207
51,51,걸매예술마을,제주특별자치도 서귀포시 서홍로 4-42,제주특별자치도 서귀포시 서홍동 470
52,52,걸서악오름,제주특별자치도 서귀포시 남원읍 하례로 393-1,제주특별자치도 서귀포시 남원읍 하례리 산124
53,53,검멀레동굴,제주특별자치도 제주시 우도면,제주특별자치도 제주시 우도면
54,54,검멀레해변,제주특별자치도 제주시 우도면 우도해안길,제주특별자치도 제주시 우도면 우도해안길
55,55,게우지코지,제주특별자치도 서귀포시 하효동,제주특별자치도 서귀포시 하효동
56,56,겨울이네,제주특별자치도 제주시 아란4길 91,제주특별자치도 제주시 아라일동 6064
57,57,고근산(고공산),제주특별자치도 서귀포시 고근산로202번길 48,제주특별자치도 서귀포시 서호동 1302-1
58,58,고내리 다락쉼터,제주특별자치도 제주시 애월읍 애월해안로 284,제주특별자치도 제주시 애월읍 고내리 463
59,59,고내리포구,제주특별자치도 제주시 애월읍 고내리,제주특별자치도 제주시 애월읍 고내리
60,60,"고내봉(고내오름,고니오름,망오름)",제주특별자치도 제주시 애월읍 고내리 산 3-1,제주특별자치도 제주시 애월읍 고내리 산 3-1
61,61,고사리숲,제주특별자치도 제주시 애월읍 평화로 2715 제주관광대학교 내 창업보육센터 본관 315호,제주특별자치도 제주시 애월읍 광령리 2535
62,62,고산일과해안도로,제주특별자치도 서귀포시 대정읍 영락하동로 9-6,제주특별자치도 서귀포시 대정읍 영락리 2169
63,63,고살리숲길,제주특별자치도 서귀포시 남원읍 하례리 산 54-2,제주특별자치도 서귀포시 남원읍 하례리 산 54-2
64,64,고씨주택,제주특별자치도 제주시 관덕로17길 27-1,제주특별자치도 제주시 일도일동 1243-1
65,65,고요산책,제주특별자치도 제주시 중앙로12길 5,제주특별자치도 제주시 이도일동 1387-3
66,66,고포잇다이브센터,제주특별자치도 서귀포시 이어도로 685-1,제주특별자치도 서귀포시 강정동 2628-1
67,67,고흐의 정원,제주특별자치도 서귀포시 성산읍 삼달신풍로 126-5,제주특별자치도 서귀포시 성산읍 삼달리 1185-2
68,68,곤물,제주특별자치도 서귀포시 안덕면 화순서서로64번길 64-4,제주특별자치도 서귀포시 안덕면 화순리 1190-1
69,69,곤흘동(곤을동) 마을터,제주특별자치도 제주시 화북1동 4438,제주특별자치도 제주시 화북1동 4438
70,70,골프탕탕,제주특별자치도 서귀포시 안덕면 산록남로 762번길 71,제주특별자치도 서귀포시 안덕면 상천리 380-7
71,71,곱닥한개,제주특별자치도 제주시 설촌로10길 12,제주특별자치도 제주시 삼양이동 2101-10
72,72,곱뜨락아띠 향수공방,제주특별자치도 서귀포시 안덕면 사계중앙로3번길 22,제주특별자치도 서귀포시 안덕면 사계리 2266-1
73,73,공방:하루_반,제주특별자치도 제주시 구좌읍 월정7길 42-6 1층,제주특별자치도 제주시 구좌읍 월정리 52
74,74,공천포,제주특별자치도 서귀포시 남원읍 신례리,제주특별자치도 서귀포시 남원읍 신례리
75,75,공천포구,제주특별자치도 서귀포시 남원읍 신례리,제주특별자치도 서귀포시 남원읍 신례리
76,76,곶자왈,제주특별자치도 서귀포시 대정읍 신평리,제주특별자치도 서귀포시 대정읍 신평리
77,77,곽지패총,제주특별자치도 제주시 애월읍 곽지리 2043-1,제주특별자치도 제주시 애월읍 곽지리 2043-1
78,78,곽지해수욕장,제주특별자치도 제주시 애월읍 애월원당길 (곽지리),제주특별자치도 제주시 애월읍 애월원당길 (곽지리)
79,79,곽지해수욕장야영장,제주특별자치도 제주시 애월읍 곽지리 1565,명제주특별자치도 제주시 애월읍 곽지1길 31
80,80,관덕정,제주특별자치도 제주시 관덕로 19,제주특별자치도 제주시 삼도이동 983-1
81,81,관음사,제주특별자치도 제주시 산록북로 660,제주특별자치도 제주시 아라일동 387
82,82,관음사 군 주둔지 옛터,제주특별자치도 제주시 산록북로 660,제주특별자치도 제주시 아라일동 387
83,83,관음사 야영장,제주특별자치도 제주시 산록북로 588,제주특별자치도 제주시 오등동 산180-3
84,84,관음사 템플스테이,제주시 산록북로 660,제주특별자치도 제주시 아라일동 387
85,85,광령귤나무,제주특별자치도 제주시 애월읍 광령8길 24-2,제주특별자치도 제주시 애월읍 광령리 1165-1
86,86,광치기해변,제주특별자치도 서귀포시 성산읍 섭지코지로 63,제주특별자치도 서귀포시 성산읍 고성리 224-18
87,87,교래자연휴양림,제주특별자치도 제주시 조천읍 남조로 2023,제주특별자치도 제주시 조천읍 교래리 산95
88,88,구엄리돌염전,제주특별자치도 제주시 애월읍 애월해안로 708,제주특별자치도 제주시 애월읍 구엄리 609-1
89,89,구엄포구,제주특별자치도 제주시 애월읍 구엄리,제주특별자치도 제주시 애월읍 구엄리
90,90,구좌 하도어촌계,제주특별자치도 제주시 구좌읍 해맞이해안로 1897-27,제주특별자치도 제주시 구좌읍 하도리 22-10
91,91,구좌해안로,제주특별자치도 제주시 구좌읍 구좌해안로,제주특별자치도 제주시 구좌읍 동복리
92,92,국립제주박물관,제주특별자치도 제주시 일주동로 17,제주특별자치도 제주시 건입동 261
93,93,"군산(군산오름,코메오름)",제주특별자치도 서귀포시 안덕면 창천리 산 3-1,제주특별자치도 서귀포시 안덕면 창천리 산 3-1
94,94,굴동포구,제주특별자치도 제주시 구좌읍 해맞이해안로,제주 제주시 구좌읍 하도리 385-12
95,95,굿다이버,제주특별자치도 서귀포시 중산간서로 41 (강정동),제주특별자치도 서귀포시 강정동 1528-3
96,96,궁대오름(궁대악),제주특별자치도 서귀포시 성산읍 금백조로 446,제주특별자치도 서귀포시 성산읍 수산리 4711-1
97,97,귀덕연대,제주특별자치도 제주시 한림읍 귀덕14길 14-5,제주특별자치도 제주시 한림읍 귀덕리 1118
98,98,귀빈사,제주특별자치도 제주시 구좌읍 비자림로 1456,제주특별자치도 제주시 구좌읍 송당리 2438
99,99,귤밭76번지,제주특별자치도 제주시 화북이동 5495-2,제주특별자치도 제주시 화북이동 5495-2
100,100,귤빛캠핑장,제주특별자치도 제주시 조천읍 함와로 428,제주특별자치도 제주시 조천읍 대흘리 172
101,101,그랑블루 요트투어,제주특별자치도 서귀포시 대포로 174,제주특별자치도 서귀포시 대포동 2367-1
102,102,그랑블루호(선상낚시),제주특별자치도 서귀포시 남원읍 위미중앙로180번길 10,제주특별자치도 서귀포시 남원읍 위미리 1881-2
103,103,그루밍시즌,제주특별자치도 서귀포시 동홍로 29,제주특별자치도 서귀포시 서귀동 260-13
104,104,그루밍제주,제주특별자치도 서귀포시 천제연로 357,제주특별자치도 서귀포시 회수동 556
105,105,그리스신화박물관 / 트릭아이미술관,제주특별자치도 제주시 한림읍 광산로 942,제주특별자치도 제주시 한림읍 금악리 산30-12
106,106,그린크루즈(산방산유람선),제주특별자치도 서귀포시 안덕면 화순해안로106번길 16,제주특별자치도 서귀포시 안덕면 화순리 636-15
107,107,그린페블,제주특별자치도 제주시 한림읍 수동7길 54-3,제주특별자치도 제주시 한림읍 월림리 723
108,108,그제바람 윈드서핑패들보드,제주특별자치도 제주시 선사로8길 13-4,제주특별자치도 제주시 삼양일동 1569-42
109,109,금능석물원,제주특별자치도 제주시 한림읍 한림로 176,제주특별자치도 제주시 한림읍 금능리 1282-9
110,110,금능포구,제주특별자치도 제주시 한림읍 금능리,제주특별자치도 제주시 한림읍 금능리
111,111,금능해수욕장,제주특별자치도 제주시 한림읍 금능길 119-10,제주특별자치도 제주시 한림읍 금능리 2026
112,112,금당목장ATV,제주특별자치도 서귀포시 안덕면 신화역사로685번길 13-16,제주특별자치도 서귀포시 안덕면 동광리 57
113,113,금덕무환자나무및팽나무군락,제주특별자치도 제주시 애월읍 유수암리 1920,제주특별자치도 제주시 애월읍 유수암리 1920
114,114,금룡사,제주특별자치도 제주시 구좌읍 김녕로 148-11,제주특별자치도 제주시 구좌읍 김녕리 1145-49
115,115,금룡사 템플스테이,제주특별자치도 제주시 구좌읍 김녕로 148-11,제주특별자치도 제주시 구좌읍 김녕리 1145-49
116,116,금붕사,제주특별자치도 제주시 구좌읍 일주동로 3618-1,제주특별자치도 제주시 구좌읍 하도리 994
117,117,금성포구,제주특별자치도 제주시 애월읍 금성리 573-1,제주특별자치도 제주시 애월읍 금성리 573-1
118,118,금악오름(왕매),제주특별자치도 제주시 한림읍 금악리 산 1-1,제주특별자치도 제주시 한림읍 금악리 산 1-1
119,119,기독교순례길 1코스(순종의길),제주특별자치도 제주시 애월읍 금성하안길 3,제주특별자치도 제주시 애월읍 금성리 436-3
120,120,기독교순례길 2코스(순교의길),제주특별자치도 제주시 한림읍 협재8길 8,제주특별자치도 제주시 한림읍 협재리 1791
121,121,기독교순례길 3코스(사명의길),제주특별자치도 제주시 한경면 조수3길 7,제주특별자치도 제주시 한경면 조수리 331-1
122,122,기독교순례길 4코스(화해의길),제주특별자치도 서귀포시 대정읍 추사로36번길 11,제주특별자치도 서귀포시 대정읍 안성리 1639
123,123,김경숙해바라기농장,제주특별자치도 제주시 번영로 854-1,제주특별자치도 제주시 회천동 391
124,124,김녕 지질트레일,제주특별자치도 제주시 구좌읍 김녕로 209,제주특별자치도 제주시 구좌읍 김녕리 497-1
125,125,김녕 청굴물,제주특별자치도 제주시 구좌읍 김녕리 1296,명제주특별자치도 제주시 구좌읍 김녕로1길 75-1
126,126,김녕금속공예벽화마을,제주특별자치도 제주시 구좌읍 김녕항3길 18-16,제주특별자치도 제주시 구좌읍 김녕리 4001
127,127,김녕사굴,제주특별자치도 제주시 구좌읍 덕천리 201-4,명제주특별자치도 제주시 구좌읍 덕평로 392-1
128,128,김녕요트투어,제주특별자치도 제주시 구좌읍 구좌해안로 229-16,제주특별자치도 제주시 구좌읍 김녕리 4212-1
129,129,김녕항,제주특별자치도 제주시 구좌읍 김녕항1길 50-13,제주특별자치도 제주시 구좌읍 김녕리 4074-2
130,130,김녕해수욕장,제주특별자치도 제주시 구좌읍 구좌해안로 237,제주특별자치도 제주시 구좌읍 김녕리 4330
131,131,김녕해수욕장야영장,제주특별자치도 제주시 구좌읍 해맞이해안로 7-6,제주특별자치도 제주시 구좌읍 김녕리 497-4
132,132,김녕해안도로,제주특별자치도 제주시 구좌읍 김녕리,제주특별자치도 제주시 구좌읍 김녕리
133,133,김만덕객주,제주특별자치도 제주시 임항로 68,제주특별자치도 제주시 건입동 984-41
134,134,김만덕기념관,제주특별자치도 제주시 산지로 7,제주특별자치도 제주시 건입동 1164
135,135,김서프제주,제주특별자치도 서귀포시 색달로81번길 39,제주특별자치도 서귀포시 색달동 1992
136,136,김영갑갤러리 두모악,제주특별자치도 서귀포시 성산읍 삼달로 137,제주특별자치도 서귀포시 성산읍 삼달리 437-5
137,137,김영수도서관,제주특별자치도 제주시 중앙로8길 18,제주특별자치도 제주시 삼도이동 17-3
138,138,김택화미술관,제주특별자치도 제주시 조천읍 신흥로 1,제주특별자치도 제주시 조천읍 신흥리 227-5
139,139,김한미술관 & 카페3206,제주특별자치도 제주시 한림읍 한상로 115,제주특별자치도 제주시 한림읍 상대리 3206
140,140,까끄래기오름,제주특별자치도 제주시 조천읍 교래리 128,제주특별자치도 제주시 조천읍 교래리 128
141,141,꽃썸,서귀포시 안덕면 동광로 151,제주특별자치도 서귀포시 안덕면 동광리 950-3
142,142,꿈바당 어린이도서관,제주특별자치도 제주시 연오로 140,제주특별자치도 제주시 연동 463
143,143,나바론절벽,제주특별자치도 제주시 추자면 영흥리 산 19,제주특별자치도 제주시 추자면 영흥리 산 19
144,144,나틸다,제주특별자치도 제주시 아란5길 31-6,제주특별자치도 제주시 아라일동 6093-2
145,145,낙선동 4.3성,제주특별자치도 제주시 조천읍 선흘서5길 13,제주특별자치도 제주시 조천읍 선흘리 2734-5
146,146,낙천리아홉굿의자마을,제주특별자치도 제주시 한경면 낙수로 97,제주특별자치도 제주시 한경면 낙천리 1913
147,147,낙천아홉굿마을 의자공원,제주특별자치도 제주시 한경면 낙수로 97,제주특별자치도 제주시 한경면 낙천리 1913
148,148,낙타트래킹,제주특별자치도 서귀포시 표선면 번영로 2564-21,제주특별자치도 서귀포시 표선면 성읍리 2684
149,149,남내소,제주특별자치도 서귀포시 남원읍 하례로,제주특별자치도 서귀포시 남원읍 하례리
150,150,남두연대,제주특별자치도 제주시 애월읍 신엄리 2780-1,제주특별자치도 제주시 애월읍 신엄리 2780-1
151,151,남문지못,제주특별자치도 서귀포시 대정읍 인성리 392,제주특별자치도 서귀포시 대정읍 인성리 392
152,152,남수각 하늘길 벽화거리,제주특별자치도 제주시 중앙로13길 32,제주특별자치도 제주시 일도일동 1100-12
153,153,남원 위미2리 어촌계,제주특별자치도 서귀포시 남원읍 태위로 208,제주특별자치도 서귀포시 남원읍 위미리 1662-1
154,154,남원큰엉해변,제주특별자치도 서귀포시 남원읍 태위로 522-17,제주특별자치도 서귀포시 남원읍 남원리 2379-3
155,155,남원항 (남원포구),제주특별자치도 서귀포시 남원읍 남태해안로 140,제주특별자치도 서귀포시 남원읍 남원리 91-6
156,156,납읍난대림 금산공원,제주특별자치도 제주시 애월읍 납읍리 14 57,제주특별자치도 제주시 애월읍 납읍리 14 57
157,157,내창트레킹,제주특별자치도 서귀포시 남원읍 하례중앙로 95,제주특별자치도 서귀포시 남원읍 하례리 677
158,158,너도나도 ATV,제주특별자치도 제주시 조천읍 비자림로 1053,제주특별자치도 제주시 조천읍 교래리 38
159,159,너븐숭이 4.3기념관,제주특별자치도 제주시 조천읍 북촌3길 3,제주특별자치도 제주시 조천읍 북촌리 1599
160,160,넥슨컴퓨터박물관,제주특별자치도 제주시 1100로 3198-8,제주특별자치도 제주시 노형동 86
161,161,노루생태관찰원,제주특별자치도 제주시 명림로 520,제주특별자치도 제주시 봉개동 산51-2
162,162,노리매공원,제주특별자치도 서귀포시 대정읍 중산간서로 2260-15,제주특별자치도 서귀포시 대정읍 구억리 654-1
163,163,노을승마장,제주특별자치도 제주시 우도면 우도해안길 406-1,제주특별자치도 제주시 우도면 연평리 2358
164,164,노을해안1014,제주특별자치도 제주시 한경면 노을해안로 1014,제주특별자치도 제주시 한경면 고산리 3431-1
165,165,노을해안로,제주특별자치도 서귀포시 대정읍 노을해안로 24,제주특별자치도 서귀포시 대정읍 일과리 1424-1
166,166,노형수퍼마켙,제주특별자치도 제주시 노형로 89,제주특별자치도 제주시 해안동 2137-1
167,167,녹산로유채꽃길,제주특별자치도 서귀포시 표선면 가시리 산 87-15,제주특별자치도 서귀포시 표선면 가시리 산 87-15
168,168,논짓물,제주특별자치도 서귀포시 하예동,제주특별자치도 서귀포시 하예동
169,169,놀멍쉬멍고르멍(애견카페),제주특별자치도 서귀포시 현청로 51,제주특별자치도 서귀포시 서홍동 136-1
170,170,놀자개,제주특별자치도 제주시 오광로 143,제주특별자치도 제주시 노형동 3702-2
171,171,농개,제주특별자치도 서귀포시 성산읍 환해장성로111번길 4,제주특별자치도 서귀포시 성산읍 신산리 561-1
172,172,높은오름,제주특별자치도 제주시 구좌읍 송당리 산 213-1,제주특별자치도 제주시 구좌읍 송당리 산 213-1
173,173,누운오름(한림읍),제주특별자치도 제주시 한림읍 금악리 188-2,제주특별자치도 제주시 한림읍 금악리 188-2
174,174,누웨마루거리(구 바오젠),제주특별자치도 제주시 신광로 47,제주특별자치도 제주시 연동 273-1
175,175,눈물의십자가,제주특별자치도 제주시 추자도,제주특별자치도 제주시 추자도
176,176,느지리오름(망오름),제주특별자치도 제주시 한림읍 상명리 산 5,명제주특별자치도 제주시 한림읍 봉수대길 5
177,177,니모스토리,제주특별자치도 제주시 구좌읍 김녕로17길 33-1,제주특별자치도 제주시 구좌읍 김녕리 1267-1
178,178,다끄네포구(용담포구),제주특별자치도 제주시 용담3동,제주특별자치도 제주시 용담3동
179,179,다랑쉬굴,제주특별자치도 제주시 구좌읍 세화리 2608-6,제주특별자치도 제주시 구좌읍 세화리 2608-6
180,180,다랑쉬마을,제주특별자치도 제주시 구좌읍 다랑쉬로 406-25,제주특별자치도 제주시 구좌읍 세화리 2668-2
181,181,다랑쉬오름(월랑봉),제주특별자치도 제주시 구좌읍 세화리 2705,제주특별자치도 제주시 구좌읍 세화리 2705
182,182,다려도,제주특별자치도 제주시 조천읍 북촌리,제주특별자치도 제주시 조천읍 북촌리
183,183,다이나믹메이즈,제주특별자치도 서귀포시 표선면 번영로 2644,제주특별자치도 서귀포시 표선면 성읍리 2381
184,184,단산(바굼지오름),제주특별자치도 서귀포시 안덕면 향교로 165-23,제주특별자치도 서귀포시 안덕면 사계리 3124
185,185,단산과 방사탑,제주특별자치도 제주시 조천읍 신흥로1길 25,제주특별자치도 제주시 조천읍 신흥리 512-1
186,186,달다제주,제주특별자치도 제주시 조천읍 조함해안로 9,제주특별자치도 제주시 조천읍 조천리 2593-3
187,187,닭머르해안길,제주특별자치도 제주시 조천읍 신촌북3길 62-1,제주특별자치도 제주시 조천읍 신촌리 2408-1
188,188,답다니 탑망대 (하트원담),제주특별자치도 제주시 우도면 연평리 798,제주특별자치도 제주시 우도면 연평리 798
189,189,"당산봉(당오름,차귀오름)",제주특별자치도 제주시 한경면 고산리 산 15,제주특별자치도 제주시 한경면 고산리 산 15
190,190,당오름,제주특별자치도 제주시 구좌읍 송당리 산 199-1,제주특별자치도 제주시 구좌읍 송당리 산 199-1
191,191,당오름(안덕면),제주특별자치도 서귀포시 안덕면 동광리 산 68-1,제주특별자치도 서귀포시 안덕면 동광리 산 68-1
192,192,당오름(한경면),제주특별자치도 제주시 한경면 용수리 산 18,제주특별자치도 제주시 한경면 용수리 산 18
193,193,당케산물(당케포구),제주특별자치도 서귀포시 표선면 표선당포로,제주 서귀포시 표선면 표선리 1-2
194,194,대림리선돌,제주특별자치도 제주시 한림읍 대림리,제주특별자치도 제주시 한림읍 대림리
195,195,"대수산봉(큰물뫼,물미오름)",제주특별자치도 서귀포시 성산읍 고성리 2039-1,제주특별자치도 서귀포시 성산읍 고성리 2039-1
196,196,대수포구,제주특별자치도 제주시 한림읍 수원리 1027-7,제주특별자치도 제주시 한림읍 수원리 1027-7
197,197,"대왕산 (왕뫼, 왕메, 왕미)",제주특별자치도 서귀포시 성산읍 수산리 1429,제주특별자치도 서귀포시 성산읍 수산리 1429
198,198,대유ATV수렵사격랜드,제주특별자치도 서귀포시 상예로 381,제주특별자치도 서귀포시 상예동 144
199,199,대장금촬영지(제주민속촌),제주특별자치도 서귀포시 표선면 민속해안로 631-34,제주특별자치도 서귀포시 표선면 표선리 40-1
200,200,대정면 4.3사건 위령비,제주특별자치도 서귀포시 대정읍 동일하모로 158-3,제주특별자치도 서귀포시 대정읍 하모리 1224
201,201,대정해변(하모해변),제주특별자치도 서귀포시 대정읍 하모리,제주특별자치도 서귀포시 대정읍 하모리
202,202,대정향교,제주특별자치도 서귀포시 안덕면 향교로 165-17,제주특별자치도 서귀포시 안덕면 사계리 3126-1
203,203,대정현역사자료전시관,제주특별자치도 서귀포시 대정읍 상모대서로 17,제주특별자치도 서귀포시 대정읍 상모리 3862-1
204,204,대평포구,제주특별자치도 서귀포시 안덕면 감천로190번길 9-62-2,제주 서귀포시 안덕면 창천리 914-5
205,205,대포포구,제주특별자치도 서귀포시 대포로,제주 서귀포시 대포동
206,206,대한민국최남단기념비/ 마라도 기념비,제주특별자치도 서귀포시 대정읍 마라로 131,제주특별자치도 서귀포시 대정읍 가파리 583-9
207,207,댕댕놀이터,제주특별자치도 제주시 도근내길 56,제주특별자치도 제주시 내도동 720
208,208,댕댕샤워,제주특별자치도 제주시 애월읍 하귀9길 54-8,제주특별자치도 제주시 애월읍 하귀1리 161-10
209,209,더 플래닛(THE PLANET),제주특별자치도 서귀포시 천제연로 70,제주특별자치도 서귀포시 색달동 2558
210,210,"더럭초등학교(구, 더럭분교)",제주특별자치도 제주시 애월읍 하가로 195,제주특별자치도 제주시 애월읍 하가리 1580-1
211,211,더마카트,제주특별자치도 제주시 한림읍 월림7길 155,제주특별자치도 제주시 한림읍 월림리 2364
212,212,더마파크,제주특별자치도 제주시 한림읍 월림7길 155,제주특별자치도 제주시 한림읍 월림리 2364
213,213,더펫츠,제주특별자치도 제주시 1100로 3124,제주특별자치도 제주시 노형동 156-8
214,214,더힐하우스스파,제주특별자치도 제주시 한림읍 한창로 925-122,제주특별자치도 제주시 한림읍 금악리 84-1
215,215,덕천곤충영농조합,제주특별자치도 제주시 구좌읍 중산간동로 1875,제주특별자치도 제주시 구좌읍 덕천리 1252
216,216,덕천리 팔자 좋아 길,제주특별자치도 제주시 구좌읍 중산간동로,제주특별자치도 제주시 구좌읍 덕천리
217,217,뎁스원 프리다이빙센터,제주특별자치도 제주시 한림읍 한림로 375,제주특별자치도 제주시 한림읍 협재리 1890
218,218,도곤도곤 애견미용실,제주특별자치도 제주시 성신로1길 21,제주특별자치도 제주시 연동 2326-13
219,219,도그앤캣,제주특별자치도 서귀포시 홍중로 119-2  601동 107호,제주특별자치도 서귀포시 서홍동 2598
220,220,도도펫,제주특별자치도 제주시 우령8길 63-16,제주특별자치도 제주시 외도일동 633-17
221,221,도두동 무지개 해안도로,제주특별자치도 제주시 도두1동,제주특별자치도 제주시 도두1동
222,222,도두봉,제주특별자치도 제주시 도두동 산 1,제주특별자치도 제주시 도두동 산 1
223,223,도두항,제주특별자치도 제주시 도공로 2,제주특별자치도 제주시 도두일동 2614-5
224,224,도두해안도로,제주특별자치도 제주시 도두2동 706-3,제주특별자치도 제주시 도두2동 706-3
225,225,도령모루,제주특별자치도,제주특별자치도
226,226,도리미오름,제주특별자치도 제주시 구좌읍 송당리 산 255-1,제주특별자치도 제주시 구좌읍 송당리 산 255-1
227,227,도순다원,제주특별자치도 서귀포시 중산간서로356번길 152-41,제주특별자치도 서귀포시 도순동 1-1
228,228,도시해녀,제주특별자치도 제주시 애월읍 하귀미수포길 16-1,제주특별자치도 제주시 애월읍 하귀2리 1670-1
229,229,도치돌 알파카목장,제주특별자치도 제주시 애월읍 도치돌길 293,제주특별자치도 제주시 애월읍 납읍리 102
230,230,독자봉,제주특별자치도 서귀포시 성산읍 신산리 1785,제주특별자치도 서귀포시 성산읍 신산리 1785
231,231,돈내코,제주특별자치도 서귀포시 516로 (상효동),제주특별자치도 서귀포시 상효동 1460-3 돈내코왕휴게소
232,232,돈내코유원지,제주특별자치도 서귀포시 돈내코로 120,제주특별자치도 서귀포시 상효동 1460-3
233,233,돈대산,제주특별자치도 제주시 추자면 예초리 산 67-1,제주특별자치도 제주시 추자면 예초리 산 67-1
234,234,돈대산산림휴양산책로,제주특별자치도 제주시 추자면 예초리 산 67-1,제주특별자치도 제주시 추자면 예초리 산 67-1
235,235,돔박이오름 (동박악),제주특별자치도 서귀포시 안덕면 광평리 산 89,제주특별자치도 서귀포시 안덕면 광평리 산 89
236,236,돔베낭골,제주특별자치도 서귀포시 호근동,제주특별자치도 서귀포시 호근동
237,237,돔베낭길,제주특별자치도 서귀포시 태평로92번길 49,제주특별자치도 서귀포시 호근동 1619
238,238,동거문이오름,제주특별자치도 제주시 구좌읍 종달리 산 70,제주특별자치도 제주시 구좌읍 종달리 산 70
239,239,동계 정온 유허비,제주특별자치도 서귀포시 대정읍 안성리,제주특별자치도 서귀포시 대정읍 안성리
240,240,동굴의 다원 다희연,제주특별자치도 제주시 조천읍 선교로 266,제주특별자치도 제주시 조천읍 선흘리 2019-3
241,241,동귀방파제,제주특별자치도 제주시 애월읍 하귀리,제주특별자치도 제주시 애월읍 하귀리
242,242,동백동산,제주특별자치도 제주시 조천읍 선흘리 산 12,제주특별자치도 제주시 조천읍 선흘리 산 12
243,243,동백포레스트,서귀포시 남원읍 신례리 1767,명제주특별자치도 서귀포시 남원읍 생기악로 53-38
244,244,동복환해장성,제주특별자치도 제주시 구좌읍 동복리,제주특별자치도 제주시 구좌읍 동복리
245,245,동산농원 딸기체험장,제주특별자치도 제주시 한경면 저지리 1448-2,제주특별자치도 제주시 한경면 저지리 1448-2
246,246,동알오름,제주특별자치도 서귀포시 대정읍 상모리 153,제주특별자치도 서귀포시 대정읍 상모리 153
247,247,동일리포구,제주특별자치도 서귀포시 대정읍 동일리,제주특별자치도 서귀포시 대정읍 동일리
248,248,돛오름,제주특별자치도 제주시 구좌읍 송당리 산 3,제주특별자치도 제주시 구좌읍 송당리 산 3
249,249,두맹이골목,제주특별자치도 제주시 동문로16길 17-4,제주특별자치도 제주시 일도이동 990-11
250,250,두산봉(말미오름),제주특별자치도 서귀포시 성산읍 시흥리 산 1-5,제주특별자치도 서귀포시 성산읍 시흥리 산 1-5
251,251,둔지봉,제주특별자치도 제주시 구좌읍 한동리 산 40,제주특별자치도 제주시 구좌읍 한동리 산 40
252,252,뒤굽은이오름,제주특별자치도 서귀포시 성산읍 수산리 4504,제주특별자치도 서귀포시 성산읍 수산리 4504
253,253,드라마월드,제주특별자치도 제주시 애월읍 화전길 3,제주특별자치도 제주시 애월읍 봉성리 4556
254,254,드르쿰다ATV IN 상효,제주특별자치도 서귀포시 516로 619,제주특별자치도 서귀포시 상효동 1147-1
255,255,들렁모루 산책길,제주특별자치도 서귀포시 서홍동 2437,제주특별자치도 서귀포시 서홍동 2437
256,256,등머을레져,제주특별자치도 제주시 우도면 우도해안길 70,제주특별자치도 제주시 우도면 연평리 1737-13
257,257,디스커버제주,제주특별자치도 서귀포시 대포로 26,제주특별자치도 서귀포시 대포동 760-3
258,258,디어펫,제주특별자치도 제주시 과원로 47,제주특별자치도 제주시 연동 1531-7
259,259,디퍼프리다이브,제주특별자치도 서귀포시 칠십리로 157,제주특별자치도 서귀포시 서귀동 101-4
260,260,따라비오름,제주특별자치도 서귀포시 표선면 가시리 산 62,제주특별자치도 서귀포시 표선면 가시리 산 62
261,261,라니멜레,제주특별자치도 제주시 조천읍 조천우회로 527,제주특별자치도 제주시 조천읍 함덕리 1752-2
262,262,라신동,제주특별자치도 제주시 한림읍 귀덕리,제주특별자치도 제주시 한림읍 귀덕리
263,263,라온골프클럽,제주특별자치도 제주시 한경면 용금로 998,제주특별자치도 제주시 한경면 저지리 산18
264,264,라온승마클럽,제주특별자치도 제주시 한림읍 월림7길 155,제주특별자치도 제주시 한림읍 월림리 2364
265,265,라온주 실내체험동물원,제주특별자치도 제주시 한림읍 월림7길 155,제주특별자치도 제주시 한림읍 월림리 2364
266,266,라이크더윈드 스튜디오,제주특별자치도 제주시 구좌읍 구좌로 51,제주특별자치도 제주시 구좌읍 세화리 1465-15
267,267,라인업서프 하도,제주특별자치도 제주시 구좌읍 하도13길 55,제주특별자치도 제주시 구좌읍 하도리 880-12
268,268,러블리독스,제주특별자치도 제주시 연북로 668,제주특별자치도 제주시 이도이동 122-1
269,269,런닝맨,제주특별자치도 서귀포시 중문관광로 42,제주특별자치도 서귀포시 색달동 2629
270,270,레더한,제주특별자치도 서귀포시 남원읍 태위로 773-19,제주특별자치도 서귀포시 남원읍 태흥리 1760-13
271,271,레이저서바이벌M,제주특별자치도 제주시 신광로 58 4층,제주특별자치도 제주시 연동 262-8
272,272,렛츠런파크,제주특별자치도 제주시 애월읍 평화로 2144,제주특별자치도 제주시 애월읍 유수암리 1206
273,273,렛츠런팜 양귀비꽃,제주특별자치도 제주시 조천읍 남조로 1660,제주특별자치도 제주시 조천읍 교래리 산25-2
274,274,렛츠런팜제주,제주특별자치도 제주시 조천읍 남조로 1660,제주특별자치도 제주시 조천읍 교래리 산25-2
275,275,로로 요가,제주특별자치도 제주시 구좌읍 김녕로17길 33-1 (김녕리),제주특별자치도 제주시 구좌읍 김녕리 1267-1
276,276,로봇플래닛,제주특별자치도 서귀포시 안덕면 신화역사로188번길 151,제주특별자치도 서귀포시 안덕면 서광리 산35-22
277,277,롯데호텔 브이스파,"제주특별자치도 서귀포시 중문관광로72번길 35, lobby floor 8F",제주특별자치도 서귀포시 색달동 2812-4
278,278,루씨쏜 아뜰리에,제주특별자치도 서귀포시 보목로64번길 138 (보목동) 보목로 64번길 138 1층,제주특별자치도 서귀포시 보목동 1405-1
279,279,리틀프린스뮤지엄,제주특별자치도 서귀포시 중문관광로110번길 15 리틀프린스뮤지엄,제주특별자치도 서귀포시 색달동 2864-36
280,280,마라도 섬투어,제주특별자치도 서귀포시 대정읍 마라로 65,제주특별자치도 서귀포시 대정읍 가파리 701
281,281,마라도(마라해양도립공원),제주특별자치도 서귀포시 대정읍 마라로101번길 46,제주특별자치도 서귀포시 대정읍 가파리 600-1
282,282,마라도관광쉼터,제주특별자치도 서귀포시 대정읍 마라로 139,제주특별자치도 서귀포시 대정읍 가파리 736
283,283,마라도기원정사,제주특별자치도 서귀포시 대정읍 마라로 87,제주특별자치도 서귀포시 대정읍 가파리 736
284,284,마라도등대,제주특별자치도 서귀포시 대정읍 가파리 642,제주특별자치도 서귀포시 대정읍 가파리 642
285,285,마라도성당,제주특별자치도 서귀포시 대정읍 마라로 153,제주특별자치도 서귀포시 대정읍 가파리 662
286,286,마라도잠수함,제주특별자치도 서귀포시 안덕면 형제해안로 13,제주특별자치도 서귀포시 안덕면 사계리 2147-32
287,287,마방목지,제주특별자치도 제주시 516로 2480,제주특별자치도 제주시 용강동 산14-34
288,288,마복이오름,제주특별자치도 서귀포시 안덕면 상천리 산 83,제주특별자치도 서귀포시 안덕면 상천리 산 83
289,289,마오름(한경),제주특별자치도 제주시 한경면 저지리 산 56,제주특별자치도 제주시 한경면 저지리 산 56
290,290,마원,제주특별자치도 제주시 조천읍 선흘남4길 264-17,제주특별자치도 제주시 조천읍 선흘리 2107-2
291,291,마흐니 숲길,제주특별자치도 서귀포시 남원읍 남조로 973,제주특별자치도 서귀포시 남원읍 수망리 산182-4
292,292,막숙,제주특별자치도 서귀포시 막숙포로37번길 2,제주특별자치도 서귀포시 법환동 287-3
293,293,만벵듸 공동장지,제주특별자치도 제주시 한림읍 갯거리오름길 114,제주특별자치도 제주시 한림읍 금악리 2754
294,294,만장굴,제주특별자치도 제주시 구좌읍 만장굴길 182,제주특별자치도 제주시 구좌읍 월정리 산41-15
295,295,맛있는 철학자(태반의땅제주),제주특별자치도 서귀포시 토평로50번길 31,제주특별자치도 서귀포시 토평동 1276-1
296,296,망장포,제주특별자치도 서귀포시 남원읍 하례망장포로 65-13,제주특별자치도 서귀포시 남원읍 하례리 64-10
297,297,매오름,제주특별자치도 서귀포시 표선면 표선리 산 2,제주특별자치도 서귀포시 표선면 표선리 산 2
298,298,맬튼개 갯담,제주특별자치도 제주시 구좌읍 구좌로 142,제주특별자치도 제주시 구좌읍 하도리 3314-2
299,299,머체왓숲길,제주특별자치도 서귀포시 남원읍 서성로 755,제주특별자치도 서귀포시 남원읍 한남리 1622-3
300,300,멍더랜드,제주특별자치도 제주시 월광로 147,제주특별자치도 제주시 노형동 2734
301,301,멍멍플레이스,제주특별자치도 제주시 애월읍 소길남길 244-5,제주특별자치도 제주시 애월읍 소길리 952-2
302,302,메이즈랜드,제주특별자치도 제주시 구좌읍 비자림로 2134-47,제주특별자치도 제주시 구좌읍 평대리 3322
303,303,명월성지,제주특별자치도 제주시 한림읍 명월리 2236,제주특별자치도 제주시 한림읍 명월리 2236
304,304,명월팽나무군락,제주특별자치도 제주시 한림읍 명월로 71,제주특별자치도 제주시 한림읍 명월리 1767-1
305,305,모구리오름,제주특별자치도 서귀포시 성산읍 서성일로 260,제주특별자치도 서귀포시 성산읍 난산리 2971
306,306,모라이,제주특별자치도 서귀포시 산록남로 (색달동),제주특별자치도 서귀포시 색달동
307,307,모비딕다이브,제주특별자치도 서귀포시 남성중로121번길 12,제주특별자치도 서귀포시 서홍동 743-5
308,308,모슬봉 (모슬개오름),제주특별자치도 서귀포시 대정읍 상모리 3540-2,제주특별자치도 서귀포시 대정읍 상모리 3540-2
309,309,모슬포항,제주특별자치도 서귀포시 대정읍 신영로36번길 48,제주특별자치도 서귀포시 대정읍 하모리 1089-35
310,310,모지오름,제주특별자치도 서귀포시 표선면 성읍리 산 22,제주특별자치도 서귀포시 표선면 성읍리 산 22
311,311,모진이몽돌해변,제주특별자치도 제주시 추자면 신양리 56,제주특별자치도 제주시 추자면 신양리 56
312,312,목시물굴,제주특별자치도 제주시 조천읍 선흘리 산26번지 일대,제주특별자치도 제주시 조천읍 선흘리 산26번지 일대
313,313,목장카페 드르쿰다,제주특별자치도 서귀포시 표선면 번영로 2454,제주특별자치도 서귀포시 표선면 성읍리 2873
314,314,목장카페 밭디,제주특별자치도 서귀포시 표선면 번영로 2486,제주특별자치도 서귀포시 표선면 성읍리 2867
315,315,묘산봉 (괴살메),제주특별자치도 제주시 구좌읍 김녕리 2723,제주특별자치도 제주시 구좌읍 김녕리 2723
316,316,무등이왓터,제주특별자치도 서귀포시 안덕면 신화역사로586번길 21-7,제주특별자치도 서귀포시 안덕면 동광리 233-1
317,317,무릉곶자왈,제주특별자치도 서귀포시 대정읍 무릉리 산 1,제주특별자치도 서귀포시 대정읍 연명로 244-35
318,318,무릉도원마을,제주특별자치도 서귀포시 대정읍 중산간서로 2868,제주특별자치도 서귀포시 대정읍 무릉리 630-4
319,319,무릉자전거도로(환상자전거길 3구간),제주특별자치도 제주시 구좌읍 구좌해안로 237,제주특별자치도 제주시 구좌읍 김녕리 4330
320,320,무민랜드,제주특별자치도 서귀포시 안덕면 병악로 420,제주특별자치도 서귀포시 안덕면 상천리 470-6
321,321,무비랜드왁스뮤지엄,제주특별자치도 서귀포시 중문관광로 205,제주특별자치도 서귀포시 중문동 2565
322,322,무수천,제주특별자치도 제주시 애월읍 무수천길,제주특별자치도 제주시 애월읍 무수천길
323,323,묵리마을,제주특별자치도 제주시 추자면 묵리,제주특별자치도 제주시 추자면 묵리
324,324,묵리처녀당,제주특별자치도 제주시 추자면 묵리 229-1,제주특별자치도 제주시 추자면 묵리 229-1
325,325,묵리해안쉼터,제주특별자치도 제주시 추자면 추자로 376-6,제주특별자치도 제주시 추자면 묵리 731-4
326,326,묵리해안포구,제주특별자치도 제주시 추자면 추자로 365-1,제주특별자치도 제주시 추자면 묵리 701-5
327,327,문도지오름 (문돗지),제주특별자치도 제주시 한림읍 금악리 3444,제주특별자치도 제주시 한림읍 금악리 3444
328,328,문서프,제주특별자치도 제주시 애월읍 곽지7길 1,제주특별자치도 제주시 애월읍 곽지리 1635
329,329,문석이오름 [출입제한 - 자연휴식년제 적용 중],제주특별자치도 제주시 구좌읍 송당리,제주특별자치도 제주시 구좌읍 송당리
330,330,문섬(서귀포해양도립공원),제주특별자치도 서귀포시 칠십리로,제주특별자치도 서귀포시 서홍동 707
331,331,문화공간 양,제주특별자치도 제주시 거로남6길 13,제주특별자치도 제주시 화북이동 3486-1
332,332,문화빳데리 충전소,제주특별자치도 서귀포시 중정로 76,제주특별자치도 서귀포시 서귀동 405-3
333,333,문화예술마을 저지리 농어촌체험마을,제주특별자치도 제주시 한경면 중산간서로 3675,제주특별자치도 제주시 한경면 저지리 1863-1
334,334,"물메(물미, 수산봉)",제주특별자치도 제주시 애월읍 수산리 산 1-1,제주특별자치도 제주시 애월읍 수산리 산 1-1
335,335,물뫼힐링팜,제주특별자치도 제주시 애월읍 예원로 51,제주특별자치도 제주시 애월읍 수산리 357-1
336,336,물영아리오름,제주특별자치도 서귀포시 남원읍 남조로 988-11,제주특별자치도 서귀포시 남원읍 수망리 산182-2
337,337,물찻오름 [출입제한 - 자연휴식년제 적용 중],제주특별자치도 제주시 조천읍 교래길,제주특별자치도 제주시 조천읍 교래길
338,338,"미악산 (턥오름, 쌀오름, 솔오름)",제주특별자치도 서귀포시 인정오름로 387-63,제주특별자치도 서귀포시 동홍동 산7-1
339,339,미요캔들,제주특별자치도 제주시 구남로4길 8-1,제주특별자치도 제주시 이도이동 2036-1
340,340,미천굴,제주특별자치도 서귀포시 성산읍 중산간동로 4150-30,제주특별자치도 서귀포시 성산읍 삼달리 1010
341,341,민속자연사박물관,제주특별자치도 제주시 삼성로 40,제주특별자치도 제주시 일도이동 996-1
342,342,민속해안로,제주특별자치도 서귀포시 표선면 일주동로 6228,제주특별자치도 서귀포시 표선면 세화리 281-1
343,343,민오름(구좌읍),제주특별자치도 제주시 구좌읍 비자림로 1456,제주특별자치도 제주시 구좌읍 송당리 2438
344,344,민오름(봉개동),제주특별자치도 제주시 칠오름길 (봉개동),제주특별자치도 제주시 칠오름길 (봉개동)
345,345,민오름(오라동),제주특별자치도 제주시 오라2동 산 12,제주특별자치도 제주시 오라2동 산 12
346,346,민오름(조천읍),제주특별자치도 제주시 조천읍 선흘리 산 141,제주특별자치도 제주시 조천읍 선흘리 산 141
347,347,바구스서핑스쿨,제주특별자치도 제주시 테우해안로 143,제주특별자치도 제주시 이호일동 1788-6
348,348,바늘오름,제주특별자치도 제주시 조천읍 교래리 산 108,제주특별자치도 제주시 조천읍 교래리 산 108
349,349,바다다이브,제주특별자치도 서귀포시 동홍로12번길 5,제주특별자치도 서귀포시 서귀동 253-10
350,350,바람모루,제주특별자치도 서귀포시 서호동,제주특별자치도 서귀포시 서호동
351,351,바람불어좋은날 천연염색 공방,제주특별자치도 서귀포시 안덕면 사계로 68,제주특별자치도 서귀포시 안덕면 사계리 2982-1
352,352,바릇스파,제주특별자치도 제주시 한림읍 한림로 392 3층,제주특별자치도 제주시 한림읍 협재리 1607
353,353,바이나흐튼 크리스마스 박물관,제주특별자치도 서귀포시 안덕면 평화로 654,제주특별자치도 서귀포시 안덕면 서광리 456
354,354,박물관은 살아있다,제주특별자치도 서귀포시 중문관광로 42,제주특별자치도 서귀포시 색달동 2629
355,355,박성내,제주특별자치도 제주시 기자길 5,제주특별자치도 제주시 아라이동 1370-6
356,356,박수기정,제주특별자치도 서귀포시 안덕면 난드르로 90-25,제주특별자치도 서귀포시 안덕면 감산리 1010
357,357,반지마을 제주 1호점,제주특별자치도 제주시 월성로4길 17 3,제주특별자치도 제주시 용담이동 2761-1
358,358,발이오름,제주특별자치도 제주시 애월읍 어음리 산 1,제주특별자치도 제주시 애월읍 어음리 산 1
359,359,발자국화석공원,제주특별자치도 서귀포시 대정읍 형제해안로 192,제주특별자치도 서귀포시 대정읍 상모리 626-1
360,360,밧돌오름,제주특별자치도 제주시 구좌읍 송당리 산 66-1,제주특별자치도 제주시 구좌읍 송당리 산 66-1
361,361,방림원,제주특별자치도 제주시 한경면 용금로 864,제주특별자치도 제주시 한경면 저지리 2120-91
362,362,방선문,제주특별자치도 제주시 종천길 39-1,제주특별자치도 제주시 오라이동 3322
363,363,방일리공원,제주특별자치도 제주시 정원로 50,제주특별자치도 제주시 노형동 3812-1
364,364,방주교회,제주특별자치도 서귀포시 안덕면 산록남로762번길 113,제주특별자치도 서귀포시 안덕면 상천리 427
365,365,배령연대,제주특별자치도 제주시 한림읍 금능리 1649,제주특별자치도 제주시 한림읍 금능리 1649
366,366,백년초농장박물관,제주특별자치도 서귀포시 태평로 200,제주특별자치도 서귀포시 호근동 310-3
367,367,백록담,제주특별자치도 서귀포시 토평동 산 15-1,제주특별자치도 서귀포시 토평동 산 15-1
368,368,백약이오름,제주특별자치도 서귀포시 표선면 성읍리 산 1,제주특별자치도 서귀포시 표선면 성읍리 산 1
369,369,백제사,제주시 애월읍 광령남6길 54 백제사,제주특별자치도 제주시 애월읍 광령리 4121
370,370,백제사 템플스테이,제주시 애월읍 광령남6길 54 백제사,제주특별자치도 제주시 애월읍 광령리 4121
371,371,백조일손지묘(백조일손지지),제주특별자치도 서귀포시 안덕면 사계리,제주특별자치도 서귀포시 안덕면 사계리
372,372,밸런싱 요가,제주특별자치도 제주시 중앙로 492,제주특별자치도 제주시 아라일동 2338-4
373,373,뱅듸승마클럽,제주특별자치도 제주시 조천읍 번영로 1118-33,제주특별자치도 제주시 조천읍 와흘리 산18
374,374,범서프,제주특별자치도 제주시 선사로8길 11,제주특별자치도 제주시 삼양일동 1569-25
375,375,범섬,제주특별자치도 서귀포시 법환동,제주특별자치도 서귀포시 법환동
376,376,법정사,제주특별자치도 서귀포시 1100로 740-168,제주특별자치도 서귀포시 도순동 산1
377,377,법화사,제주특별자치도 서귀포시 하원북로 35번길 15-28,제주특별자치도 서귀포시 하원동 1071-1
378,378,법화사지,제주특별자치도 서귀포시 하원북로35번길 15-28,제주특별자치도 서귀포시 하원동 1071-1
379,379,법환포구,제주특별자치도 서귀포시 막숙포로37번길 2,제주특별자치도 서귀포시 법환동 287-3
380,380,베릿네오름,제주특별자치도 서귀포시 중문상로17번길 51,제주특별자치도 서귀포시 중문동 2273
381,381,벨리타,제주특별자치도 제주시 조천읍 중산간동로 1194,제주특별자치도 제주시 조천읍 선흘리 2861-4
382,382,별내린전망대,제주특별자치도 서귀포시 색달동 2938-1,제주특별자치도 서귀포시 색달동 2938-1
383,383,별도봉,제주특별자치도 제주시 선반로 (화북일동),제주 제주시 화북일동 4472
384,384,별도연대,제주특별자치도 제주시 화북1동 1537,제주특별자치도 제주시 화북1동 1537
385,385,별도포구,제주특별자치도 제주시 화북1동 4269-12,제주특별자치도 제주시 화북1동 4269-12
386,386,별방진,제주특별자치도 제주시 구좌읍 하도리 3354,제주특별자치도 제주시 구좌읍 하도리 3354
387,387,병악현무암지대,제주특별자치도 서귀포시 안덕면 사계리,제주특별자치도 서귀포시 안덕면 사계리
388,388,보롬왓,제주특별자치도 서귀포시 표선면 번영로 2350-104,제주특별자치도 서귀포시 표선면 성읍리 3229-4
389,389,"보롬이(하논, 화구구)",제주특별자치도 서귀포시 하논로 (서홍동),제주 서귀포시 서홍동
390,390,보목포구,제주특별자치도 서귀포시 보목포로 46,제주특별자치도 서귀포시 보목동 566-3
391,391,보물섬하이킹,제주특별자치도 제주시 용문로14길 14,제주특별자치도 제주시 용담이동 2706-1
392,392,보통청춘기록실 청춘사진관,제주특별자치도 제주시 한림읍 귀덕11길 1,제주특별자치도 제주시 한림읍 귀덕리 1010-2
393,393,본초족욕,제주특별자치도 제주시 은수길 65,제주특별자치도 제주시 연동 1326
394,394,본태박물관,제주특별자치도 서귀포시 안덕면 산록남로762번길 69,제주특별자치도 서귀포시 안덕면 상천리 380
395,395,볼레낭길,제주특별자치도 서귀포시 안덕면 감산리 1049,제주특별자치도 서귀포시 안덕면 감산리 1049
396,396,봉구의간식,제주특별자치도 제주시 애월읍 애월로 110,제주특별자치도 제주시 애월읍 애월리 1576-1
397,397,봉글레산,제주특별자치도 제주시 추자면 대서5길 1,제주특별자치도 제주시 추자면 대서리 167
398,398,봉쥬르봉봉,제주특별자치도 제주시 한림읍 한림로 408-2,제주특별자치도 제주시 한림읍 협재리 1587
399,399,부대악오름,제주특별자치도 제주시 조천읍 선흘리 산 103,제주특별자치도 제주시 조천읍 선흘리 산 103
400,400,부영컨트리클럽,제주특별자치도 서귀포시 남원읍 남조로 960 부영CC,제주특별자치도 서귀포시 남원읍 수망리 628-8
401,401,북오름,제주특별자치도 서귀포시 안덕면 동광리 산 94,제주특별자치도 서귀포시 안덕면 동광리 산 94
402,402,북촌국민학교,제주특별자치도 제주시 조천읍 일주동로 1481,제주특별자치도 제주시 조천읍 북촌리 1212
403,403,북촌돌하르방미술관,제주특별자치도 제주시 조천읍 북촌서1길 70,제주특별자치도 제주시 조천읍 북촌리 976
404,404,북촌리 4.3길,제주특별자치도 제주시 조천읍 북촌3길 3,제주특별자치도 제주시 조천읍 북촌리 1599
405,405,북촌포구,제주특별자치도 제주시 조천읍 북촌9길 26-1,제주특별자치도 제주시 조천읍 북촌리 588
406,406,북촌환해장성,제주특별자치도 제주시 조천읍 북촌리,제주특별자치도 제주시 조천읍 북촌리
407,407,불카분낭 (불타버린 나무),제주특별자치도 제주시 조천읍 선흘리 1136-2,제주특별자치도 제주시 조천읍 선흘리 1136-2
408,408,불탑사 (5층석탑),제주특별자치도 제주시 원당로16길 41,제주특별자치도 제주시 삼양일동 697
409,409,붉은오름 자연휴양림,제주특별자치도 서귀포시 표선면 남조로 1487-73,제주특별자치도 서귀포시 표선면 가시리 산158
410,410,붉은오름(성산읍),제주특별자치도 서귀포시 성산읍 섭지코지로 261,제주특별자치도 서귀포시 성산읍 고성리 57
411,411,붉은오름(표선면),제주특별자치도 서귀포시 표선면 남조로 1487-73,제주특별자치도 서귀포시 표선면 가시리 산158
412,412,뷰 제주하늘,제주특별자치도 서귀포시 성산읍 서성일로 397,제주특별자치도 서귀포시 성산읍 난산리 2815
413,413,브레이브독스,제주특별자치도 제주시 한림읍 한수풀로 138,제주특별자치도 제주시 한림읍 대림리 428-13
414,414,브리더스파크,제주특별자치도 제주시 구좌읍 금백조로 902-102,제주특별자치도 제주시 구좌읍 송당리 2463
415,415,브릭캠퍼스,제주특별자치도 제주시 1100로 3047,제주특별자치도 제주시 노형동 244-1
416,416,블루버블,제주특별자치도 서귀포시 성산읍 일출로255번길 11,제주특별자치도 서귀포시 성산읍 성산리 175-3
417,417,비고르서프,제주특별자치도 서귀포시 안덕면 형제해안로 70,제주특별자치도 서귀포시 안덕면 사계리 2294-20
418,418,비블리아성서식물원,제주특별자치도 제주시 한림읍 조성로 17,제주특별자치도 제주시 한림읍 상명리 1191-5
419,419,비양도,제주특별자치도 제주시 한림읍 협재리,제주특별자치도 제주시 한림읍 협재리
420,420,비양도 연평리 야영지,제주특별자치도 제주시 우도면 연평리 3,제주특별자치도 제주시 우도면 연평리 3
421,421,비양도등대,제주특별자치도 제주시 한림읍 비양도길 84비양도,제주특별자치도 제주시 한림읍 협재리 2932-2
422,422,비양도의 비양나무자생지,제주특별자치도 제주시 한림읍 협재리 산 89,제주특별자치도 제주시 한림읍 협재리 산 89
423,423,비자림,제주특별자치도 제주시 구좌읍 비자숲길 55,제주특별자치도 제주시 구좌읍 평대리 3161-1
424,424,비자림농원,제주특별자치도 제주시 조천읍 선흘동1길 31-71,제주특별자치도 제주시 조천읍 선흘리 2740
425,425,비체올린,제주특별자치도 제주시 한경면 판조로 253-6,제주특별자치도 제주시 한경면 판포리 725-1
426,426,비치미오름,제주특별자치도 제주시 구좌읍 송당리 산 255-1,제주특별자치도 제주시 구좌읍 송당리 산 255-1
427,427,빌레못동굴,제주특별자치도 제주시 애월읍 어음리 1391,제주특별자치도 제주시 애월읍 어음리 1391
428,428,빛의 벙커,제주특별자치도 서귀포시 성산읍 고성리  2039-22,제주특별자치도 서귀포시 성산읍 고성리  2039-22
429,429,빠우사,제주특별자치도 제주시 조천읍 선교로 539,제주특별자치도 제주시 조천읍 선흘리 472-5
430,430,뽀로로&타요 테마파크 제주,제주특별자치도 서귀포시 안덕면 병악로 269,제주특별자치도 서귀포시 안덕면 상창리 79
431,431,쁘램 요가,제주특별자치도 제주시 연북로 88,제주특별자치도 제주시 연동 1372-3
432,432,삐삐그루밍,제주특별자치도 서귀포시 대정읍 중산간서로 2269,제주특별자치도 서귀포시 대정읍 구억리 835-1
433,433,사계 용머리해안 (해산물),제주특별자치도 서귀포시 안덕면 사계남로216번길 28,제주특별자치도 서귀포시 안덕면 사계리 118-3
434,434,사계항,제주특별자치도 서귀포시 안덕면 사계리,제주특별자치도 서귀포시 안덕면 사계리
435,435,사계해변,제주특별자치도 서귀포시 안덕면 사계리 2147-35,제주특별자치도 서귀포시 안덕면 사계리 2147-35
436,436,사계해안도로,제주특별자치도 서귀포시 안덕면 사계리,제주특별자치도 서귀포시 안덕면 사계리
437,437,사라봉,제주특별자치도 제주시 사라봉동길 61,제주특별자치도 제주시 건입동 388
438,438,사라봉공원,제주특별자치도 제주시 사라봉동길 74 (건입동),제주특별자치도 제주시 건입동 387-1
439,439,사라오름,제주특별자치도 서귀포시 남원읍 신례리 산 2-1,제주특별자치도 서귀포시 남원읍 신례리 산 2-1
440,440,사려니숲길,제주특별자치도 제주시 조천읍 교래리 산 137-1,제주특별자치도 제주시 조천읍 교래리 산 137-1
441,441,사려니오름,제주특별자치도 서귀포시 남원읍 516로 1648-87,제주특별자치도 서귀포시 남원읍 한남리 산2-1
442,442,사슴공방,제주특별자치도 제주시 구좌읍 구좌로 51 3층,제주특별자치도 제주시 구좌읍 세화리 1465-15
443,443,사진놀이터,제주특별자치도 제주시 애월읍 평화로 2835,제주특별자치도 제주시 애월읍 광령리 100-3
444,444,삭제요청 2,제주특별자치도 서귀포시 대정읍 중산간서로 2260-15,제주특별자치도 서귀포시 대정읍 구억리 654-1
445,445,삭제요청 3,제주특별자치도 제주시 애월읍 어음13길 196,제주특별자치도 제주시 애월읍 어음리 49
446,446,산굼부리,제주특별자치도 제주시 조천읍 비자림로 768,제주특별자치도 제주시 조천읍 교래리 342-2
447,447,산도스카발리오홀스파크,제주특별자치도 서귀포시 안덕면 산록남로 566,제주특별자치도 서귀포시 안덕면 광평리 268
448,448,산방굴사,제주특별자치도 서귀포시 안덕면 사계리 산 16,제주특별자치도 서귀포시 안덕면 사계리 산 16
449,449,산방산,제주특별자치도 서귀포시 안덕면 사계리 산 16,제주특별자치도 서귀포시 안덕면 사계리 산 16
450,450,산방산 랜드,제주특별자치도 서귀포시 안덕면 사계남로216번길 24-32,제주특별자치도 서귀포시 안덕면 사계리 116-6
451,451,산방산 수국,제주특별자치도 서귀포시 안덕면 산방로,제주특별자치도 서귀포시 안덕면 사계리 산 16
452,452,산방산 용머리해안 지질트레일,제주특별자치도 서귀포시 안덕면 사계북로41번길 192,제주특별자치도 서귀포시 안덕면 사계리 981
453,453,산방산둘레길,제주 서귀포시 안덕면 감산리,제주 서귀포시 안덕면 감산리
454,454,산방산탄산온천,제주특별자치도 서귀포시 안덕면 사계북로 41번길 192,제주특별자치도 서귀포시 안덕면 사계리 981
455,455,산양곶자왈,제주특별자치도제주시 한경면 청수리 956-6,명제주특별자치도 제주시 한경면 연명로 179
456,456,산지등대,제주특별자치도 제주시 사라봉동길 108-1 (건입동),제주특별자치도 제주시 건입동 340-2
457,457,산지천,제주특별자치도 제주시 건입동,제주특별자치도 제주시 건입동
458,458,산지천갤러리,제주특별자치도 제주시 중앙로3길 36,제주특별자치도 제주시 일도일동 1247
459,459,산지항 옛터,제주특별자치도 제주시 연무정길 28 (건입동)일대,제주특별자치도 제주시 건입동 940-3
460,460,산천단,제주특별자치도 제주시 아라1동 392-3,명제주특별자치도 제주시 516로 3041-29
461,461,산천단곰솔,제주특별자치도 제주시 516로 3041-24,제주특별자치도 제주시 아라일동 375-1
462,462,산호레저,제주특별자치도 제주시 우도면 우도해안길 73,제주특별자치도 제주시 우도면 연평리 1737-14
463,463,삼각봉,제주특별자치도 제주시 1100로 2070-61,제주특별자치도 제주시 해안동 산220-13
464,464,삼다수목장,제주특별자치도 제주시 조천읍 비자림로 485-15,제주특별자치도 제주시 조천읍 교래리 산119-1
465,465,삼다수숲길 지질트레일,제주특별자치도 제주시 조천읍 교래3길 98,제주특별자치도 제주시 조천읍 교래리 606-1
466,466,삼매봉,제주특별자치도 서귀포시 남성로115번길 83,제주특별자치도 서귀포시 서홍동 819
467,467,삼밭구석 & 동광리4·3희생자위령비,제주특별자치도 서귀포시 안덕면 동광리 1425 일대,제주특별자치도 서귀포시 안덕면 동광리 1425 일대
468,468,삼사석,제주특별자치도 제주시 화북1동 1380-1,제주특별자치도 제주시 화북1동 1380-1
469,469,삼성혈,제주특별자치도 제주시 삼성로 22,제주특별자치도 제주시 이도일동 1313
470,470,삼양 셋다리물,제주특별자치도 제주시 삼양1동 1938-9,제주특별자치도 제주시 삼양1동 1938-9
471,471,삼양방파제,제주특별자치도 제주시 벌랑길,제주특별자치도 제주시 벌랑길
472,472,삼양해수욕장,제주특별자치도 제주시 삼양동,제주특별자치도 제주시 삼양동
473,473,삼양해안도로,제주특별자치도 제주시 삼양2동,제주특별자치도 제주시 삼양2동
474,474,삼의악트레킹코스,제주특별자치도 제주시 아라동 산 24-2,제주특별자치도 제주시 아라동 산 24-2
475,475,삼화포구,제주특별자치도 제주시 서흘1길 26,제주특별자치도 제주시 삼양일동 1775
476,476,상추자마을길,제주특별자치도 제주시 추자도 추자면,제주특별자치도 제주시 추자도 추자면
477,477,상추자포구,제주특별자치도 제주시 추자면 대서리,제주특별자치도 제주시 추자면 대서리
478,478,상추자항,제주특별자치도 제주시 추자면 추자로 39,제주특별자치도 제주시 추자면 대서리 147-5
479,479,상효원,제주특별자치도 서귀포시 산록남로 2847-37,제주특별자치도 서귀포시 상효동 산25
480,480,새별오름,제주특별자치도 제주시 애월읍 봉성리 산 59-8,제주특별자치도 제주시 애월읍 봉성리 산 59-8
481,481,새별헤이요목장,제주도 제주시 애월읍 봉성리 4554-20,제주도 제주시 애월읍 봉성리 4554-20
482,482,새섬,제주특별자치도 서귀포시 남성중로 40,제주특별자치도 서귀포시 서홍동 707-5
483,483,새시물,제주특별자치도 제주시 한림읍 상한로,제주특별자치도 제주시 한림읍 상명리
484,484,새연교,제주특별자치도 서귀포시 서홍동 707-4,제주특별자치도 서귀포시 서홍동 707-4
485,485,샘이오름,제주특별자치도 제주시 조천읍 516로,제주 제주시 구좌읍 송당리 산145
486,486,생각하는정원,제주특별자치도 제주시 한경면 녹차분재로 675,제주특별자치도 제주시 한경면 저지리 1534
487,487,생이기정,제주특별자치도 제주시 한경면 용수리 산 60,제주특별자치도 제주시 한경면 용수리 산 60
488,488,샤이니숲길,제주특별자치도 제주시 조천읍 교래리 719-10,제주특별자치도 제주시 조천읍 교래리 719-10
489,489,서건도,제주특별자치도 서귀포시 강정동 산 1,제주특별자치도 서귀포시 강정동 산 1
490,490,서광리 곶자왈생태탐방로,제주특별자치도 서귀포시 안덕면 서광리 산6-1,제주특별자치도 서귀포시 안덕면 서광리 산6-1
491,491,서광승마장,제주특별자치도 서귀포시 안덕면 녹차분재로 239,제주특별자치도 서귀포시 안덕면 서광리 산50-33
492,492,서귀다원,제주특별자치도 서귀포시 상효동 산 118,제주특별자치도 서귀포시 상효동 산 118
493,493,서귀본향당,제주특별자치도 서귀포시 이중섭로 23-11,제주특별자치도 서귀포시 서귀동 534-2
494,494,서귀포 궁도장(천지정),제주특별자치도 서귀포시 중산간서로 97-40,제주특별자치도 서귀포시 강정동 1475
495,495,서귀포 다이브센터,제주특별자치도 서귀포시 남원읍 하례망장포로 65-13 2층,제주특별자치도 서귀포시 남원읍 하례리 64-10
496,496,서귀포 하영올레,제주특별자치도 서귀포시 중앙로 105,제주특별자치도 서귀포시 서홍동 440-1
497,497,서귀포농업기술센터 제주농업생태원,제주특별자치도 서귀포시 남원읍 중산간동로 7413,제주특별자치도 서귀포시 남원읍 하례리 1558
498,498,서귀포시립기당미술관,제주특별자치도 서귀포시 남성중로153번길 15,제주특별자치도 서귀포시 서홍동 621
499,499,서귀포예술의전당,제주특별자치도 서귀포시 태평로 270,제주특별자치도 서귀포시 서홍동 551-1
500,500,서귀포의료원,제주특별자치도 서귀포시 장수로 47,제주특별자치도 서귀포시 동홍동 1530-2
501,501,서귀포자연휴양림,제주특별자치도 서귀포시 1100로 882,제주특별자치도 서귀포시 대포동 산1-8
502,502,서귀포잠수함(대국해저관광),"제주특별자치도 서귀포시 남성중로 40 (서홍동, 유람선매표소) 서귀포잠수함",제주특별자치도 서귀포시 서홍동 707-5
503,503,서귀포천문과학문화관,제주특별자치도 서귀포시 1100로 506-1,제주특별자치도 서귀포시 하원동 산70
504,504,서귀포층패류화석산지,제주특별자치도 서귀포시 남성중로 43,제주특별자치도 서귀포시 서홍동 707
505,505,서귀포치유의숲,제주특별자치도 서귀포시 산록남로 2271,제주특별자치도 서귀포시 호근동 산1
506,506,서귀포칠십리시공원,제주특별자치도 서귀포시 서홍동 576-9,제주특별자치도 서귀포시 서홍동 576-9
507,507,서귀포항,제주특별자치도 서귀포시 칠십리로72번길 14,제주특별자치도 서귀포시 서귀동 758-4
508,508,서귀포해안,제주특별자치도 서귀포시 서호동,제주특별자치도 서귀포시 서호동
509,509,서복전시관,제주특별자치도 서귀포시 칠십리로 156-8,제주특별자치도 서귀포시 서귀동 100-2
510,510,서부두명품횟집거리,제주특별자치도 제주시 서부두길 16,제주특별자치도 제주시 건입동 1319-31
511,511,서영아리오름 / 용와이오름,제주특별자치도 서귀포시 안덕면 상천리 산22,제주특별자치도 서귀포시 안덕면 상천리 산22
512,512,서우봉,제주특별자치도 제주시 조천읍 함덕리 169-1,제주특별자치도 제주시 조천읍 함덕리 169-1
513,513,서중천탐방로,제주특별자치도 서귀포시 남원읍 서성로 755,제주특별자치도 서귀포시 남원읍 한남리 1622-3
514,514,서프라이즈테마파크,제주특별자치도 제주시 조천읍 남조로 2243,제주특별자치도 제주시 조천읍 와흘리 2988
515,515,서프론트,제주특별자치도 제주시 애월읍 곽지5길 21,제주특별자치도 제주시 애월읍 곽지리 1613
516,516,서프앤조이,제주특별자치도 제주시 선사로8길 12,제주특별자치도 제주시 삼양일동 1657-3
517,517,선녀와나무꾼,제주특별자치도 제주시 조천읍 선교로 267,제주특별자치도 제주시 조천읍 선흘리 1997
518,518,선운정사,제주특별자치도 제주시 애월읍 구몰동길 65,제주특별자치도 제주시 애월읍 봉성리 3608
519,519,선족이오름(알선족이),제주특별자치도 제주시 구좌읍 송당리 산 140-2,제주특별자치도 제주시 구좌읍 송당리 산 140-2
520,520,선흘1리,제주특별자치도 제주시 조천읍 중산간동로 1280,제주특별자치도 제주시 조천읍 선흘리 1207-2
521,521,설쿰바당,제주특별자치도 서귀포시 안덕면 사계리,제주특별자치도 서귀포시 안덕면 사계리
522,522,섬생이,제주특별자치도 제주시 추자면 신양리 산 87,제주특별자치도 제주시 추자면 신양리 산 87
523,523,섬속의섬우도렌트,제주특별자치도 제주시 우도면 우도해안길 84-2,제주특별자치도 제주시 우도면 연평리 1749
524,524,섭지코지,제주 서귀포시 성산읍 고성리,제주 서귀포시 성산읍 고성리
525,525,섯알오름,제주특별자치도 서귀포시 대정읍 상모리 1618,제주특별자치도 서귀포시 대정읍 상모리 1618
526,526,성김대건신부표착기념관,제주특별자치도 제주시 한경면 용수1길 108,제주특별자치도 제주시 한경면 용수리 4266
527,527,성널오름 (성판악),제주특별자치도 서귀포시 남원읍 신례리,제주특별자치도 서귀포시 남원읍 신례리
528,528,성불오름,제주 제주시 구좌읍 중산간동로 2532,제주특별자치도 제주시 구좌읍 송당리 산226
529,529,성산 유채꽃재배단지,제주특별자치도 서귀포시 성산읍 일출로,제주 서귀포시 성산읍 고성리 270
530,530,성산~세화 해안도로,제주특별자치도 서귀포시 성산읍 해맞이해안로 2636,제주특별자치도 서귀포시 성산읍 시흥리 3
531,531,성산오조리해안,제주특별자치도 거쉬포시 성산읍 한도로,제주특별자치도 서귀포시 성산읍 오조리 10
532,532,성산일출봉(UNESCO 세계자연유산),제주특별자치도 서귀포시 성산읍 일출로 284-12,제주특별자치도 서귀포시 성산읍 성산리 114
533,533,성산초등학교 서청특별중대 주둔지,제주특별자치도 서귀포시 성산면 성산리 171-9,제주특별자치도 서귀포시 성산면 성산리 171-9
534,534,성산포항,서귀포시 성산읍 성산등용로 130-21,제주특별자치도 서귀포시 성산읍 성산리 347-9
535,535,성산항,제주특별자치도 서귀포시 성산읍 성산등용로 129-21,제주특별자치도 서귀포시 성산읍 성산리 347-9
536,536,성읍녹차마을,제주특별자치도 서귀포시 표선면 중산간동로 4778,제주특별자치도 서귀포시 표선면 성읍리 2197-1
537,537,성읍랜드,제주특별자치도 서귀포시 표선면 번영로 2650,제주특별자치도 서귀포시 표선면 성읍리 2045-1
538,538,성읍목장,제주특별자치도 서귀포시 표선면 성읍리 1734,제주특별자치도 서귀포시 표선면 성읍리 1734
539,539,성읍민속마을,제주특별자치도 서귀포시 표선면 성읍정의현로 19,제주특별자치도 서귀포시 표선면 성읍리 775-1
540,540,성읍승마장,제주특별자치도 서귀포시 표선면 번영로 2650,제주특별자치도 서귀포시 표선면 성읍리 2045-1
541,541,성이시돌목장,제주특별자치도 제주시 한림읍 산록남로 53,제주특별자치도 제주시 한림읍 금악리 116
542,542,성클라라수도원 금악성당,제주시 한림읍 금악북로 320,제주특별자치도 제주시 한림읍 금악리 373
543,543,섶섬(서귀포해양도립공원),제주특별자치도 서귀포시 마소물로,제주특별자치도 서귀포시 서홍동 707
544,544,세계술박물관,제주특별자치도 서귀포시 표선면 한마음초등로 431,제주특별자치도 서귀포시 표선면 하천리 1814-1
545,545,세계자동차 & 피아노박물관,제주특별자치도 서귀포시 안덕면 중산간서로 1610,제주특별자치도 서귀포시 안덕면 상창리 2065-4
546,546,세계조가비박물관,제주특별자치도 서귀포시 태평로 284,제주특별자치도 서귀포시 서홍동 557-1
547,547,세리월드 테마파크,제주특별자치도 서귀포시 법환상로2번길 97-13,제주특별자치도 서귀포시 법환동 877
548,548,세미오름(삼의양오름),제주특별자치도 제주시 아라동 산 24-2,제주특별자치도 제주시 아라동 산 24-2
549,549,세미오름(샘이오름),제주특별자치도 제주시 조천읍 대흘리 산 27-8,제주특별자치도 제주시 조천읍 대흘리 산 27-8
550,550,세인트포골프장,제주특별자치도 제주시 구좌읍 선유로 445-55,제주특별자치도 제주시 구좌읍 김녕리 5160-2
551,551,세화소품관,제주특별자치도 제주시 구좌읍 해맞이해안로 1422-3,제주특별자치도 제주시 구좌읍 세화리 1500-6
552,552,세화항,제주특별자치도 제주시 구좌읍 세화리,제주특별자치도 제주시 구좌읍 세화리
553,553,세화해변,제주특별자치도 제주시 구좌읍 해녀박물관길 27,제주특별자치도 제주시 구좌읍 세화리 1-1
554,554,세화해안도로,제주특별자치도 제주시 구좌읍 구좌로,제주특별자치도 제주시 구좌읍 평대리
555,555,소남머리,제주특별자치도 서귀포시 칠십리로 145,제주특별자치도 서귀포시 서귀동 70
556,556,소라의성,제주특별자치도 서귀포시 칠십리로214번길 17-17,제주특별자치도 서귀포시 동홍동 234-8
557,557,소병악 (족은오름),제주특별자치도 서귀포시 안덕면 상창리 산 2-1,제주특별자치도 서귀포시 안덕면 상창리 산 2-1
558,558,소수산봉(족은물뫼),제주특별자치도 서귀포시 성산읍 고성리 887,제주특별자치도 서귀포시 성산읍 고성리 887
559,559,소암현중화기념관,제주특별자치도 서귀포시 소암로 15,제주특별자치도 서귀포시 서귀동 157-1 소암현중화기념관
560,560,소인국테마파크,제주특별자치도 서귀포시 안덕면 중산간서로 1878,제주특별자치도 서귀포시 안덕면 서광리 725
561,561,소정방폭포,제주특별자치도 서귀포시 칠십리로214번길 17-17,제주특별자치도 서귀포시 동홍동 234-8
562,562,소천지,제주특별자치도 서귀포시 칠십리로485번길 2,제주특별자치도 서귀포시 보목동 1637-17
563,563,손방둥이,제주특별자치도 제주시 진군남2길 10-4 101호 손방둥이,제주특별자치도 제주시 노형동 1553
564,564,손지오름,제주특별자치도 제주시 구좌읍 종달리 산 52,제주특별자치도 제주시 구좌읍 종달리 산 52
565,565,솔담한방병원,제주특별자치도 제주시 1100로 3055,제주특별자치도 제주시 노형동 241-1
566,566,솔동산8경,제주특별자치도 서귀포시 서귀동 솔동산로,제주특별자치도 서귀포시 서귀동
567,567,송계순집터,제주특별자치도 서귀포시 대정읍 안성리 1681-1,제주특별자치도 서귀포시 대정읍 안성리 1681-1
568,568,송당리,제주특별자치도 제주시 구좌읍 중산간동로 2218-3,제주특별자치도 제주시 구좌읍 송당리 1366
569,569,송당본향당,제주특별자치도 제주시 구좌읍 송당리,제주특별자치도 제주시 구좌읍 송당리
570,570,송당승마장,제주특별자치도 제주시 구좌읍 번영로 2015,제주특별자치도 제주시 구좌읍 송당리 2573-2
571,571,송령이골,제주특별자치도 서귀포시 남원읍 한신로143번길 99,제주특별자치도 서귀포시 남원읍 의귀리 1975
572,572,송악산,제주특별자치도 서귀포시 대정읍 송악관광로 421-1,제주특별자치도 서귀포시 대정읍 상모리 131
573,573,송악산 진지동굴,제주특별자치도 서귀포시 대정읍 상모리,제주특별자치도 서귀포시 대정읍 상모리
574,574,송악산둘레길,제주특별자치도 서귀포시 대정읍 송악관광로 421-1,제주특별자치도 서귀포시 대정읍 상모리 131
575,575,송악카트체험장,제주특별자치도 서귀포시 대정읍 송악관광로 404,제주특별자치도 서귀포시 대정읍 상모리 139
576,576,송악힐링풋스킨,제주특별자치도 서귀포시 대정읍 송악관광로 399,제주특별자치도 서귀포시 대정읍 상모리 141
577,577,송죽사터,제주특별자치도 서귀포시 대정읍 안성리,제주특별자치도 서귀포시 대정읍 안성리
578,578,쇠소깍,제주특별자치도 서귀포시 쇠소깍로 128,제주특별자치도 서귀포시 하효동 995
579,579,쇠소깍제트,제주특별자치도 서귀포시 쇠소깍로 151-8 (하효동),제주특별자치도 서귀포시 하효동 999
580,580,쇠소깍해변,제주특별자치도 서귀포시 하효동,제주특별자치도 서귀포시 하효동
581,581,쇠와꽃 승마장,제주특별자치도 서귀포시 성산읍 섭지코지로25번길 88-17,제주특별자치도 서귀포시 성산읍 고성리 354-1
582,582,수목원테마공원(야시장길&LED공원),제주특별자치도 제주시 은수길 69,제주특별자치도 제주시 연동 1320
583,583,수목원테마파크,제주특별자치도 제주시 은수길 69 (연동),제주특별자치도 제주시 연동 1320
584,584,수산저수지,제주특별자치도 제주시 애월읍 수산리 1,제주특별자치도 제주시 애월읍 수산리 1
585,585,수악 (물오름),제주특별자치도 서귀포시 남원읍 516로 1042,제주특별자치도 서귀포시 남원읍 하례리 산10
586,586,수월봉,제주특별자치도 제주시 한경면 고산리 3760,제주특별자치도 제주시 한경면 고산리 3760
587,587,수월봉 지질트레일,제주특별자치도 제주시 한경면 노을해안로 1013-70,제주특별자치도 제주시 한경면 고산리 3762
588,588,수월이못,제주특별자치도 서귀포시 대정읍 안성리 1747,제주특별자치도 서귀포시 대정읍 안성리 1747
589,589,순례자의교회,제주특별자치도 제주시 한경면 일주서로 3960-24,제주특별자치도 제주시 한경면 용수리 2410
590,590,숨도(석부작박물관),제주특별자치도 서귀포시 일주동로 8941 (호근동),제주특별자치도 서귀포시 호근동 569-2
591,591,숫모르편백나무숲길,제주특별자치도 제주시 516로 2596,제주특별자치도 제주시 용강동 산14-1
592,592,쉬리의언덕,제주특별자치도 서귀포시 중문관광로72번길 114,제주특별자치도 서귀포시 색달동 3039-1
593,593,쉼터마을 유수암리 농어촌체험마을,제주특별자치도 제주시 애월읍 유수암평화길 14,제주특별자치도 제주시 애월읍 유수암리 1892-1
594,594,스누피가든,제주특별자치도 제주시 구좌읍 금백조로 930,제주특별자치도 제주시 구좌읍 송당리 2303-3
595,595,스위트몽키,제주특별자치도 제주시 한경면 산양6길 6-9,제주특별자치도 제주시 한경면 청수리 3306-8
596,596,스위트호텔 아로마,제주특별자치도 서귀포시 중문관광로72번길 67,제주특별자치도 서귀포시 색달동 2812-10
597,597,스쿠버스쿨,제주특별자치도 제주시 서해안로 301,제주특별자치도 제주시 도두이동 1669-3
598,598,스타빌,제주특별자치도 서귀포시 안덕면 광평로 34-154,제주특별자치도 서귀포시 안덕면 광평리 산31-1
599,599,스프링데일CC,제주특별자치도 서귀포시 남원읍 서성로 459번지,제주특별자치도 서귀포시 남원읍 위미리 4625
600,600,시크릿가든촬영지,제주특별자치도 서귀포시 중문관광로 198 (중문동),제주특별자치도 서귀포시 중문동 2563-1
601,601,신대산전망대,제주특별자치도 제주시 추자면 예초리,제주특별자치도 제주시 추자면 예초리
602,602,신대해안,제주특별자치도 제주시 추자면 예초리 77,제주특별자치도 제주시 추자면 예초리 77
603,603,신도포구,제주특별자치도 서귀포시 대정읍 신도리,제주특별자치도 서귀포시 대정읍 신도리
604,604,신비의도로,제주특별자치도 제주시 1100로 2894-63,제주특별자치도 제주시 노형동 289-15
605,605,신비의도로카트체험장,제주특별자치도 제주시 노형동 187-3,제주특별자치도 제주시 노형동 187-3
606,606,신산공원,제주특별자치도 제주시 신산로 92-12,제주특별자치도 제주시 일도이동 885
607,607,신산신양해안도로 (해산물),제주특별자치도 서귀포시 성산읍 고성리,제주특별자치도 서귀포시 성산읍 고성리
608,608,신산환해장성,제주특별자치도 서귀포시 성산읍 신산리,제주특별자치도 서귀포시 성산읍 신산리
609,609,신양섭지해수욕장,제주특별자치도 서귀포시 성산읍 섭지코지로 107,제주특별자치도 서귀포시 성산읍 고성리 127-2
610,610,신양포구,제주특별자치도 서귀포시 성산읍 고성리,제주특별자치도 서귀포시 성산읍 고성리
611,611,신양항(하추자항),제주특별자치도 제주시 추자면 신양리,제주특별자치도 제주시 추자면 신양리
612,612,신양해안도로,제주특별자치도 서귀포시 성산읍 신고로,제주특별자치도 서귀포시 성산읍 고성리
613,613,신엄포구,제주특별자치도 제주시 애월읍 애월해안로,제주특별자치도 제주시 애월읍 신엄리
614,614,신창~차귀해안도로,제주특별자치도 제주시 한경면 한경해안로 470,제주특별자치도 제주시 한경면 신창리 1353-1
615,615,신창리포구,제주특별자치도 제주시 한경면 신창리,제주특별자치도 제주시 한경면 신창리
616,616,신창풍차해안도로,제주특별자치도 제주시 한경면 신창리 1322-1,제주특별자치도 제주시 한경면 신창리 1322-1
617,617,신천리 벽화마을,제주특별자치도 서귀포시 성산읍 신천리,제주특별자치도 서귀포시 성산읍 신천리
618,618,신천리(용궁올레),제주특별자치도 서귀포시 표선면 신천리,제주특별자치도 서귀포시 표선면 신천리
619,619,신풍리 밭담길,제주특별자치도 서귀포시 성산읍 신풍하동로 39,제주특별자치도 서귀포시 성산읍 신풍리 500-1
620,620,신화워터파크,제주특별자치도 서귀포시 안덕면 신화역사로304번길 38,제주특별자치도 서귀포시 안덕면 서광리 산24
621,621,신화테마파크,서귀포시 안덕면 신화역사로304번길 98,제주특별자치도 서귀포시 안덕면 서광리 산35-16
622,622,신효 생활개선회,제주특별자치도 서귀포시 효돈순환로 44,제주특별자치도 서귀포시 신효동 240
623,623,신효베스트마을,제주특별자치도 서귀포시 일주동로 8190,제주특별자치도 서귀포시 신효동 890-2
624,624,신흥2리 동백마을,제주특별자치도 서귀포시 남원읍 한신로531번길 22-1,제주특별자치도 서귀포시 남원읍 신흥리 1759-2
625,625,신흥리 동백 & 향나무길,제주특별자치도 서귀포시 남원읍 수망리 59,제주특별자치도 서귀포시 남원읍 수망리 59
626,626,심헌갤러리,제주특별자치도 제주시 아란14길 3,제주특별자치도 제주시 아라일동 6075-3
627,627,싱계물 공원,제주 제주시 한경면 신창리 1322-1,제주 제주시 한경면 신창리 1322-1
628,628,쌍용굴(한림공원),제주특별자치도 제주시 한림읍 한림로 300,제주특별자치도 제주시 한림읍 협재리 2487
629,629,썬플라워의원,제주특별자치도 제주시 한림읍 금능남로 127,제주특별자치도 제주시 한림읍 협재리 2838
630,630,씨에스호텔 프라이빗스파,제주특별자치도 서귀포시 중문관광로 198,제주특별자치도 서귀포시 중문동 2563-1
631,631,아끈다랑쉬,제주특별자치도 제주시 구좌읍 세화리 2593,제주특별자치도 제주시 구좌읍 세화리 2593
632,632,아날로그감귤밭,제주특별자치도 제주시 해안마을8길 46,제주특별자치도 제주시 해안동 2463
633,633,아라고나이트 온천(디아넥스호텔),제주특별자치도 서귀포시 안덕면 산록남로762번길 71,제주특별자치도 서귀포시 안덕면 상천리 380-7
634,634,아라리오뮤지엄동문모텔1,제주특별자치도 제주시 산지로 37-5,제주특별자치도 제주시 일도일동 1159
635,635,아라리오뮤지엄동문모텔2,제주특별자치도 제주시 산지로 23,제주특별자치도 제주시 건입동 1140-1
636,636,아라리오뮤지엄탑동시네마,제주특별자치도 제주시 삼도2동 1261-8,명제주특별자치도 제주시 탑동로 14
637,637,아르떼뮤지엄,제주특별자치도 제주시 애월읍 어림비로 478,제주특별자치도 제주시 애월읍 어음리 1503 아르떼뮤지엄
638,638,아름다운피부과,"제주특별자치도 제주시 도령로 5 명은빌딩 2,3,5,7층",제주특별자치도 제주시 노형동 1296-5
639,639,아부오름,제주특별자치도 제주시 구좌읍 송당리 산 164-1,제주특별자치도 제주시 구좌읍 송당리 산 164-1
640,640,아이리스촬영지(하얀등대),제주특별자치도 서귀포시 표선면,제주특별자치도 서귀포시 표선면
641,641,아이스뮤지엄,제주특별자치도 제주시 은수길 69,제주특별자치도 제주시 연동 1320
642,642,아일랜드에프,"제주특별자치도 서귀포시 성산읍 성산등용로 112-7, 2층",제주특별자치도 서귀포시 성산읍 성산리 347-9
643,643,아침미소목장,제주특별자치도 제주시 첨단동길 160-20,제주특별자치도 제주시 월평동 155
644,644,아침한의원,제주특별자치도 제주시 한림읍 한림중앙로 31,제주특별자치도 제주시 한림읍 한림리 1197-1
645,645,아쿠아플라넷 제주,제주특별자치도 서귀포시 성산읍 섭지코지로 95,제주특별자치도 서귀포시 성산읍 고성리 127-3
646,646,아프리카박물관,제주특별자치도 서귀포시 이어도로 49,제주특별자치도 서귀포시 대포동 1833
647,647,아홉굿마을 낙천리 농어촌체험마을,한경면 낙수로 97,제주특별자치도 제주시 한경면 낙천리 1913
648,648,"안녕, 상이 친구들",제주특별자치도 제주시 아란7길 47,제주특별자치도 제주시 아라일동 6050-1
649,649,안덕계곡,제주특별자치도 서귀포시 안덕면 일주서로 1524,제주특별자치도 서귀포시 안덕면 감산리 359-1
650,650,안덕면 사계어촌계,제주특별자치도 서귀포시 안덕면 형제해안로 20,제주특별자치도 서귀포시 안덕면 사계리 2147
651,651,안돌오름,제주특별자치도 제주시 구좌읍 송당리 산 66-2,제주특별자치도 제주시 구좌읍 송당리 산 66-2
652,652,"안세미 (명도오름,明道岳)",제주특별자치도 제주시 봉개동 산2,제주특별자치도 제주시 봉개동 산2
653,653,알뜨르비행장,제주특별자치도 서귀포시 대정읍 상모리 1670,제주특별자치도 서귀포시 대정읍 상모리 1670
654,654,"알밤(알바매기, 알밤오름)",제주특별자치도 제주시 조천읍 선흘남4길 229,제주특별자치도 제주시 조천읍 선흘리 산60
655,655,알오름(성산읍),제주특별자치도 서귀포시 성산읍 시흥상동로,제주특별자치도 서귀포시 성산읍 시흥리
656,656,알오름(표선면),제주특별자치도 서귀포시 표선면 토산리 산 11,제주특별자치도 서귀포시 표선면 토산리 산 11
657,657,알작지해변,제주특별자치도 제주시 테우해안로 60,제주특별자치도 제주시 내도동 475
658,658,알제이,제주특별자치도 제주시 한경면 고산로 13-4 2F,제주특별자치도 제주시 한경면 고산리 3453-14
659,659,알진오름(안친오름),제주특별자치도 제주시 구좌읍 송당리 880-1,제주특별자치도 제주시 구좌읍 송당리 880-1
660,660,알프스승마장포니,제주특별자치도 서귀포시 표선면 서성일로 73,제주특별자치도 서귀포시 표선면 성읍리 475
661,661,앙데팡당,제주특별자치도 제주시 애월읍 신엄안3길 136-5,제주특별자치도 제주시 애월읍 신엄리 2838
662,662,앙리젤,제주특별자치도 제주시 노형12길 23,제주특별자치도 제주시 노형동 3784-12
663,663,애월 하물,제주특별자치도 제주시 애월읍 애월로11길 6,제주특별자치도 제주시 애월읍 애월리 1727-4
664,664,애월 한담 카약,제주 제주시 애월읍 애월로1길 25,제주특별자치도 제주시 애월읍 애월리 2540
665,665,애월스쿠버다이빙스쿨,제주특별자치도 제주시 애월읍 애월로13길 45,제주특별자치도 제주시 애월읍 애월리 1737-10
666,666,애월연대,제주특별자치도 제주시 애월읍 애월리 1975,제주특별자치도 제주시 애월읍 애월리 1975
667,667,애월한담해안산책로,제주특별자치도 제주시 애월읍 곽지리 1359,제주특별자치도 제주시 애월읍 곽지리 1359
668,668,애월해안도로,제주특별자치도 제주시 애월읍 애월해안로,제주특별자치도 제주시 애월읍 애월리
669,669,애월환해장성,제주특별자치도 제주시 애월읍 애월로3길 60,제주특별자치도 제주시 애월읍 애월리 1957
670,670,액트(AC.lll.T) 볼링장,제주특별자치도 서귀포시 안덕면 신화역사로304번길 98,제주특별자치도 서귀포시 안덕면 서광리 산35-16
671,671,액티브파크,제주특별자치도 제주시 한림읍 금능남로 76,제주특별자치도 제주시 한림읍 금능리 2225
672,672,약천사,제주특별자치도 서귀포시 이어도로 293-28,제주특별자치도 서귀포시 대포동 1161
673,673,약천사 템플스테이,제주특별자치도 서귀포시 이어도로 293-28 (대포동),제주특별자치도 서귀포시 대포동 1161
674,674,어리목계곡,제주특별자치도 제주시 1100로 2070-61,제주특별자치도 제주시 해안동 산220-13
675,675,어린이교통공원,제주특별자치도 제주시 명림로 437 (봉개동 4.3 공원 맞은편),제주특별자치도 제주시 봉개동 237-18
676,676,어승생,제주특별자치도 제주시 해안동 1100도로 555번지 (해안동 산220-12번지),명제주특별자치도 제주시 해안마을7다길 9
677,677,어영공원,제주특별자치도 제주시 서해안로 452 (맞은편 공원),제주특별자치도 제주시 용담삼동 2396
678,678,엄바위장승,제주특별자치도 제주시 추자면 예초리 332,제주특별자치도 제주시 추자면 예초리 332
679,679,엉덩물계곡,제주특별자치도 서귀포시 중문관광로 192,제주특별자치도 서귀포시 중문동 2785-2
680,680,엉또폭포,제주특별자치도 서귀포시 염돈로 121-8 (강정동),제주특별자치도 서귀포시 강정동 5628
681,681,엉알해안,제주특별자치도 제주시 한경면 고산리 3427-33,제주특별자치도 제주시 한경면 고산리 3427-33
682,682,엉알해안산책로,제주특별자치도 제주시 한경면 노을해안로 1143,제주특별자치도 제주시 한경면 고산리 3616-10
683,683,에버리스 골프리조트,제주특별자치도 제주시 애월읍 평화로 1693-75,제주특별자치도 제주시 애월읍 어음리 523-22
684,684,에코랜드 테마파크,제주특별자치도 제주시 조천읍 번영로 1278-169,제주특별자치도 제주시 조천읍 대흘리 1221-1
685,685,에코승마아카데미,제주특별자치도 제주시 조천읍 비자림로 1065,제주특별자치도 제주시 조천읍 교래리 39-3
686,686,에코승마아카데미(구.제주승마장),제주특별자치도 제주시 조천읍 교래리 39-3번지 (비자림로 1065),명제주특별자치도 제주시 조천읍 비자림로 1065
687,687,여미지식물원,제주특별자치도 서귀포시 중문관광로 93,제주특별자치도 서귀포시 색달동 2484-1
688,688,연대포구,제주특별자치도 제주시 외도2동,제주특별자치도 제주시 외도2동
689,689,연미마을(오라리 방화사건 현장),제주특별자치도 제주시 연사길 142,제주특별자치도 제주시 오라이동 3030-1
690,690,연북정,제주특별자치도 제주시 조천읍 조천리 2690,제주특별자치도 제주시 조천읍 조천리 2690
691,691,연화못,제주특별자치도 제주시 애월읍 고하상로,제주 제주시 애월읍 하가리
692,692,열리해안길,제주특별자치도 서귀포시 하예동,제주특별자치도 서귀포시 하예동
693,693,영남동,제주특별자치도 서귀포시 산록남로 1966-34,제주특별자치도 서귀포시 영남동 224
694,694,영등할망 신화공원,제주 제주시 한림읍 귀덕11길 19,제주특별자치도 제주시 한림읍 귀덕리 989-2
695,695,영모원,제주특별자치도 제주시 애월읍 하귀리 1130-1,제주특별자치도 제주시 애월읍 하귀리 1130-1
696,696,영실기암,제주특별자치도 서귀포시 하원동,제주특별자치도 서귀포시 하원동
697,697,영주산,제주특별자치도 서귀포시 표선면 번영로,제주특별자치도 서귀포시 표선면
698,698,영천악(영천오름),제주특별자치도 서귀포시 516로 652,제주특별자치도 서귀포시 상효동 1154-11
699,699,예래생태체험관,제주특별자치도 서귀포시 예래로 213,제주특별자치도 서귀포시 하예동 24-1
700,700,예래해안도로,제주특별자치도 서귀포시 예래해안로,제주특별자치도 서귀포시 하예동
701,701,예술공간 이아,제주특별자치도 제주시 중앙로14길 21,제주특별자치도 제주시 삼도이동 154
702,702,예절이오름(여절악),제주특별자치도 서귀포시 남원읍 신흥리 산 18,제주특별자치도 서귀포시 남원읍 신흥리 산 18
703,703,예초리,제주특별자치도 제주시 추자도 예초리,제주특별자치도 제주시 추자도 예초리
704,704,예초리기정길,제주특별자치도 제주시 추자면 예초리 산 1,제주특별자치도 제주시 추자면 예초리 산 1
705,705,예초리포구,제주특별자치도 제주시 추자면 추자로 753,제주특별자치도 제주시 추자면 예초리 200-1
706,706,예초리해변,제주특별자치도 제주시 추자면 예초리,제주특별자치도 제주시 추자면 예초리
707,707,오라동 청보리-메밀꽃밭,제주특별자치도 제주시 오라2동 산 76,제주특별자치도 제주시 오라2동 산 76
708,708,오래물,제주특별자치도 제주시 도공로 2,제주특별자치도 제주시 도두일동 2614-5
709,709,오름터 민속마을,제주특별자치도 서귀포시 표선면 성읍정의현로 99,제주특별자치도 서귀포시 표선면 성읍리 599-1
710,710,오림반,제주특별자치도 서귀포시 남원읍 신례리,제주특별자치도 서귀포시 남원읍 신례리
711,711,오멍가멍 애견카페&호텔,제주특별자치도 제주시 어영길 64-14,제주특별자치도 제주시 용담삼동 1206
712,712,오백나한,제주특별자치도 서귀포시 영실로 245 (하원동),제주특별자치도 서귀포시 하원동 산1-1
713,713,오설록티뮤지엄,제주특별자치도 서귀포시 안덕면 신화역사로 15,제주특별자치도 서귀포시 안덕면 서광리 1235-1
714,714,오조포구,제주특별자치도 서귀포시 성산읍 오조리,제주특별자치도 서귀포시 성산읍 오조리
715,715,오페라 옴니아 : 라파엘로展,제주특별자치도 서귀포시 안덕면 녹차분재로 218,제주특별자치도 서귀포시 안덕면 서광리 산39
716,716,오현단,제주특별자치도 제주시 오현길 61,제주특별자치도 제주시 이도일동 1421-34
717,717,옥돔마을,제주특별자치도 서귀포시 남원읍 남태해안로 508,제주특별자치도 서귀포시 남원읍 태흥리 364-4
718,718,온평리 포구,제주특별자치도 서귀포시 성산읍 온평리,제주특별자치도 서귀포시 성산읍 온평리
719,719,온평리 환해장성,제주특별자치도 서귀포시 성산읍 환해장성로 732,제주특별자치도 서귀포시 성산읍 온평리 65
720,720,올레바당체험마을,제주특별자치도 제주시 한림읍 한림해안로 267-6,제주특별자치도 제주시 한림읍 수원리 724-4
721,721,올레여행자센터,제주특별자치도 서귀포시 중정로 22,제주특별자치도 서귀포시 서귀동 316-1
722,722,올레캠프 본점 알파캠프,제주특별자치도 서귀포시 성산읍 고성오조로 106,제주특별자치도 서귀포시 성산읍 고성리 1207-2
723,723,옷귀마테마타운,제주특별자치도 서귀포시 남원읍 서성로 955-117,제주특별자치도 서귀포시 남원읍 한남리 1631-1
724,724,옹포천,제주특별자치도 제주시 한림읍 한림로 563,제주특별자치도 제주시 한림읍 옹포리 404
725,725,옹포포구,제주특별자치도 제주시 한림읍 옹포리,제주특별자치도 제주시 한림읍 옹포리
726,726,와흘본향당,제주특별자치도 제주시 조천읍 와흘리 1274-1,제주특별자치도 제주시 조천읍 와흘리 1274-1
727,727,왈종미술관,제주특별자치도 서귀포시 칠십리로214번길 30,제주특별자치도 서귀포시 동홍동 281-2
728,728,왕이메오름,제주특별자치도 서귀포시 안덕면 광평리 산 79,제주특별자치도 서귀포시 안덕면 광평리 산 79
729,729,외돌개,제주특별자치도 서귀포시 서홍동 791,제주특별자치도 서귀포시 서홍동 791
730,730,요가느림원,제주특별자치도 제주시 원노형2길 33,제주특별자치도 제주시 노형동 922-6
731,731,요기개,제주특별자치도 제주시 오남로 280,제주특별자치도 제주시 오라이동 843-5
732,732,요람,제주특별자치도 서귀포시 검은여로129번길 13,제주특별자치도 서귀포시 토평동 759-1
733,733,용눈이오름,제주특별자치도 제주시 구좌읍 종달리 산28,제주특별자치도 제주시 구좌읍 종달리 산28
734,734,용담 1동 벽화거리,제주특별자치도 제주시 서문로5길 1,제주특별자치도 제주시 용담일동 130-6
735,735,용담/용두암 해안도로,제주특별자치도 제주시 서해안로 687-8,제주특별자치도 제주시 용담이동 488-9
736,736,용담레포츠공원,제주특별자치도 제주시 서해안로 580,제주특별자치도 제주시 용담삼동 1089
737,737,용두암,제주특별자치도 제주시 용두암길 15,제주특별자치도 제주시 용담이동 483
738,738,용두암해안도로카페거리,제주특별자치도 제주시 용담3동,제주특별자치도 제주시 용담3동
739,739,용둠범목제계단길,제주특별자치도 제주시 추자면 영흥리,제주특별자치도 제주시 추자면 영흥리
740,740,용머리해안,제주특별자치도 서귀포시 안덕면 사계리 112-3,제주특별자치도 서귀포시 안덕면 사계리 112-3
741,741,용수항,제주특별자치도 제주시 한경면 용수리,제주특별자치도 제주시 한경면 용수리
742,742,용연,제주특별자치도 제주시 흥운길 73,제주특별자치도 제주시 용담이동 454-1
743,743,용연카누클럽,제주특별자치도 제주시 용담2동 438,명제주특별자치도 제주시 흥운길 79
744,744,우도 득성이코지,제주특별자치도 제주시 우도면 연평리,제주특별자치도 제주시 우도면 연평리
745,745,우도 봉수대,제주특별자치도 제주시 우도면 연평리 798,제주특별자치도 제주시 우도면 연평리 798
746,746,우도 비양도,제주특별자치도 제주시 우도면 연평리,제주특별자치도 제주시 우도면 연평리
747,747,우도(해양도립공원),제주특별자치도 제주시 우도면 삼양고수물길 1,제주특별자치도 제주시 우도면 연평리 904-1
748,748,우도등대,제주특별자치도 제주시 우도면 우도봉길 105,제주특별자치도 제주시 우도면 연평리 337
749,749,우도봉 ATV,제주특별자치도 제주시 우도면 우도봉길 47,제주특별자치도 제주시 우도면 연평리 343-2
750,750,우도봉 풍경,제주특별자치도 제주시 우도면 연평리 1,제주특별자치도 제주시 우도면 연평리 1
751,751,우도산호해변 홍조단괴 서빈백사,제주특별자치도 제주시 우도면 우도해안길 252,제주특별자치도 제주시 우도면 연평리 2516-2
752,752,우도스쿠터여행,제주특별자치도 제주시 우도면 2395-5,제주특별자치도 제주시 우도면 2395-5
753,753,우도올레보트,제주특별자치도 제주시 우도면 연평리 2562-1,제주특별자치도 제주시 우도면 연평리 2562-1
754,754,우도잠수함(제주씨월드),제주특별자치도 서귀포시 성산읍 성산등용로 130-21,제주특별자치도 서귀포시 성산읍 성산리 347-9
755,755,우도징기스칸승마체험,제주특별자치도 제주시 우도면 우도해안길 446,제주특별자치도 제주시 우도면 연평리 988-1
756,756,우포토 시네마 갤러리 카페,제주특별자치도 서귀포시 대정읍 상모로 216-2,제주특별자치도 서귀포시 대정읍 상모리 2625-5
757,757,"웃밤(웃바매기,웃밤오름)",제주특별자치도 제주시 조천읍 선흘리 산 84,제주특별자치도 제주시 조천읍 선흘리 산 84
758,758,웃세오름(누운오름),제주특별자치도 제주시 애월읍 1100로 1579-25,제주특별자치도 제주시 애월읍 광령리 산183-4
759,759,웃세오름(족은오름),제주특별자치도 제주시 애월읍 평화로,제주특별자치도 제주시 애월읍 광령리 
760,760,원당봉,제주특별자치도 제주시 원당로16길 16-30,제주특별자치도 제주시 삼양일동 산1-2
761,761,원동,제주특별자치도 제주시 애월읍 소길리 1364 일대,제주특별자치도 제주시 애월읍 소길리 1364 일대
762,762,원앙카라반캠핑장앤야영장,제주특별자치도 서귀포시 돈내코로 120,제주특별자치도 서귀포시 상효동 1460-3
763,763,원앙폭포,제주특별자치도 서귀포시 돈내코로 137,제주특별자치도 서귀포시 상효동 1463
764,764,월나봉(도래오름),제주특별자치도 서귀포시 안덕면 감산리 1148 일대,제주특별자치도 서귀포시 안덕면 감산리 1148 일대
765,765,월대천,제주특별자치도 제주시 월대6길 5,제주특별자치도 제주시 외도이동 232-1
766,766,월라봉 진지동굴 (안덕면),제주 서귀포시 안덕면 감산리,제주 서귀포시 안덕면 감산리
767,767,월라봉(효돈),제주특별자치도 서귀포시 월라봉로 76-40,제주특별자치도 서귀포시 신효동 산1
768,768,월라사,제주특별자치도 서귀포시 효돈순환로 415,제주특별자치도 서귀포시 신효동 579-2
769,769,월령선인장군락지,제주특별자치도 제주시 한림읍 월령리 359-4,제주특별자치도 제주시 한림읍 월령리 359-4
770,770,월령포구,제주특별자치도 제주시 한림읍 월평리,제주특별자치도 제주시 한림읍 월평리
771,771,월정 투명카약,제주특별자치도 제주시 구좌읍 월정리 1400-33,제주특별자치도 제주시 구좌읍 월정리 1400-33
772,772,월정리해변,제주특별자치도 제주시 구좌읍 월정리 33-3,명제주특별자치도 제주시 구좌읍 해맞이해안로 485
773,773,월정리해안도로,제주특별자치도 제주시 구좌읍 월정리 652-4,제주특별자치도 제주시 구좌읍 월정리 652-4
774,774,월평포구,제주특별자치도 서귀포시 말질로 462,제주특별자치도 서귀포시 월평동 665
775,775,위미리 동백나무군락,제주특별자치도 서귀포시 남원읍 위미중앙로300번길 23-7,제주특별자치도 서귀포시 남원읍 위미리 906-4
776,776,위미항,제주특별자치도 서귀포시 남원읍 위미중앙로196번길 6-13,제주특별자치도 서귀포시 남원읍 위미리 1757-12
777,777,윈드1947 카트 테마파크,제주특별자치도 서귀포시 토평공단로 78-27,제주특별자치도 서귀포시 토평동 1799
778,778,윗세오름(웃세오름),제주특별자치도 제주시 애월읍 광령리 산 183-1,제주특별자치도 제주시 애월읍 광령리 산 183-1
779,779,유건에오름,제주특별자치도 서귀포시 성산읍 난산리 2302,제주특별자치도 서귀포시 성산읍 난산리 2302
780,780,유동룡미술관,제주특별자치도 제주시 한림읍 용금로 906-10,제주특별자치도 제주시 한림읍 월림리 115-161
781,781,유리멘탈 스튜디오,제주특별자치도 제주시 한경면 낙수로12길,제주특별자치도 제주시 한경면 조수리 1464-8
782,782,유민미술관,제주특별자치도 서귀포시 성산읍 고성리 21,제주특별자치도 서귀포시 성산읍 고성리 21
783,783,유진팡 열대과일농장,제주특별자치도 서귀포시 남원읍 원님로399번길 31-7,제주특별자치도 서귀포시 남원읍 신흥리 2177
784,784,유캠프,제주특별자치도 제주시 애조로 1216,제주특별자치도 제주시 오라이동 504
785,785,육시우영,제주특별자치도 제주시 애월읍 하가리,제주특별자치도 제주시 애월읍 하가리
786,786,율랜드 다이브센터,제주특별자치도 서귀포시 칠십리로 490,제주특별자치도 서귀포시 보목동 762-5
787,787,이니스프리제주하우스,제주특별자치도 서귀포시 안덕면 신화역사로 23,제주특별자치도 서귀포시 안덕면 서광리 1235-1
788,788,이덕구 산전,제주특별자치도 제주시 조천읍 516로 1865,제주특별자치도 제주시 조천읍 교래리 산137-24
789,789,이랜드뮤지엄,제주특별자치도 제주시 한림해안로 530,제주특별자치도 제주시 한림읍 귀덕리 3861
790,790,이로이로공방,제주특별자치도 제주시 구좌읍 하도7길 16-11,제주특별자치도 제주시 구좌읍 하도리 1249
791,791,이상한 나라의 앨리스,제주특별자치도 서귀포시 안덕면 중산간서로 1881,제주특별자치도 서귀포시 안덕면 서광리 717-3
792,792,이승이오름(이승악),제주특별자치도 서귀포시 남원읍 신례리 산 12-19,명제주특별자치도 서귀포시 남원읍 신례천로 267-110
793,793,이음새,제주특별자치도 서귀포시 남원읍 위미리 4137-1,제주특별자치도 서귀포시 남원읍 위미리 4137-1
794,794,이중섭거리,제주특별자치도 서귀포시 이중섭로 4-1 (서귀동),제주특별자치도 서귀포시 서귀동 370-21
795,795,이중섭거주지,제주특별자치도 서귀포시 이중섭로 29,제주특별자치도 서귀포시 서귀동 512-1
796,796,이중섭미술관,제주특별자치도 서귀포시 이중섭로 27-3,제주특별자치도 서귀포시 서귀동 532-1
797,797,이편한치과,제주특별자치도 제주시 연북로 527 반디빌딩 5층,제주특별자치도 제주시 아라일동 6035-1
798,798,이호-내도 해안도로,제주특별자치도 제주시 테우해안로 60,제주특별자치도 제주시 내도동 475
799,799,이호털보네배낚시,제주특별자치도 제주시 이호1동 1787,명제주특별자치도 제주시 테우해안로 146
800,800,이호테우말등대,제주특별자치도 제주시 서해안로 58,제주특별자치도 제주시 이호일동 374
801,801,이호테우해수욕장,제주특별자치도 제주시 도리로 20,제주특별자치도 제주시 이호이동 1600-1
802,802,익스트림제주 카약올레,제주시 애월읍 애월로1길 22,제주특별자치도 제주시 애월읍 애월리 2490-1
803,803,일출랜드,제주특별자치도 서귀포시 성산읍 중산간동로 4150-30,제주특별자치도 서귀포시 성산읍 삼달리 1010
804,804,일출랜드 아트센터,제주특별자치도 서귀포시 성산읍 중산간동로 4150-30,제주특별자치도 서귀포시 성산읍 삼달리 1010
805,805,임문숙 가족 헛묘,제주특별자치도 서귀포시 안덕면 동광리 807-4,제주특별자치도 서귀포시 안덕면 동광리 807-4
806,806,입산봉(삿갓오름),제주특별자치도 제주시 구좌읍 김녕리 1033-19,제주특별자치도 제주시 구좌읍 김녕리 1033-19
807,807,자구내포구,제주특별자치도 제주시 한경면 고산리,제주특별자치도 제주시 한경면 고산리
808,808,자구리공원,제주특별자치도 서귀포시 칠십리로 145,제주특별자치도 서귀포시 서귀동 70
809,809,자리왓,제주특별자치도 제주시 애월읍 봉성리 1410 일대,제주특별자치도 제주시 애월읍 봉성리 1410 일대
810,810,"자배봉(자배오름,망오름)",제주특별자치도 서귀포시 남원읍  위미리 산 132-1,제주특별자치도 서귀포시 남원읍  위미리 산 132-1
811,811,장생의 숲길,제주특별자치도 제주시 명림로 584,제주특별자치도 제주시 봉개동 산78-1
812,812,장전리 벚꽃축제길,제주특별자치도 제주시 애월읍 광상로 403,제주특별자치도 제주시 애월읍 장전리 628-3
813,813,저지 예술인 마을,제주특별자치도 제주시 한경면 저지14길 28-4,제주특별자치도 제주시 한경면 저지리 2120-116
814,814,"저지오름(닥몰오름,새오름)",제주특별자치도 제주시 한경면 저지리 산 51,제주특별자치도 제주시 한경면 저지리 산 51
815,815,전농로 서사라문화거리,제주특별자치도 제주시 서사로7길 27,제주특별자치도 제주시 삼도이동 1230-4
816,816,절물오름(큰대나),제주특별자치도 제주시 명림로 584 일대,제주특별자치도 제주시 봉개동 산78-1
817,817,절부암,제주특별자치도 제주시 한경면 용수3길 22,제주특별자치도 제주시 한경면 용수리 4241-1
818,818,점보빌리지,제주특별자치도 서귀포시 안덕면 평화로 319번길 31-11,제주특별자치도 서귀포시 안덕면 서광리 2351
819,819,정모시쉼터,제주특별자치도 서귀포시 부두로5번길 9,제주특별자치도 서귀포시 서귀동 57-4
820,820,정물오름,제주특별자치도 제주시 한림읍 금악리 산 52-1,제주특별자치도 제주시 한림읍 금악리 산 52-1
821,821,정방폭포,제주특별자치도 서귀포시 칠십리로214번길 37,제주특별자치도 서귀포시 동홍동 278
822,822,정의향교,제주특별자치도 서귀포시 표선면 성읍서문로 14,제주특별자치도 서귀포시 표선면 성읍리 820-1
823,823,정의현 일관헌,제주특별자치도 서귀포시 표선면 성읍리 690,제주특별자치도 서귀포시 표선면 성읍리 690
824,824,정주항,제주특별자치도 제주시 조천읍 함덕리,제주특별자치도 제주시 조천읍 함덕리
825,825,제라진 제주오프로드 사파리,제주특별자치도 제주시 조천읍 선교로 33,제주특별자치도 제주시 조천읍 선흘리 624-4
826,826,제라펫,제주특별자치도 제주시 용담로20길 28,제주특별자치도 제주시 용담일동 246-28
827,827,제로스테이션(제로포인트트레일),제주특별자치도 제주시 산지로 25 2층,제주특별자치도 제주시 건입동 1136
828,828,제스피 맥주협동조합 양조장,제주특별자치도 서귀포시 남원읍 서성로652번길 63-3,제주특별자치도 서귀포시 남원읍 한남리 산5-20
829,829,제원한의원,제주특별자치도 제주시 신대로14길 36 2층,제주특별자치도 제주시 연동 282-52
830,830,제이앤승마클럽,제주특별자치도 제주시 해안마을7길 211,제주특별자치도 제주시 해안동 351
831,831,제이홀스 승마클럽,제주특별자치도 제주시 월산남길 284,제주특별자치도 제주시 해안동 317-2
832,832,제주 더팔팔농장,제주특별자치도 서귀포시 성산읍 독자봉로60번길 20,제주특별자치도 서귀포시 성산읍 신산리 1371-1
833,833,제주 삼양동 유적,제주특별자치도 제주시 선사로2길 13 (삼양일동),제주특별자치도 제주시 삼양일동 1660-5
834,834,제주 이호털보 배낚시,제주시 테우해안로 146,제주특별자치도 제주시 이호일동 1787
835,835,제주 카카오캠핑,제주특별자치도 제주시 일주서로 7867,제주특별자치도 제주시 연동 1987
836,836,제주 토이 승마장,제주특별자치도 서귀포시 안덕면 동광로 265-14,제주특별자치도 서귀포시 안덕면 동광리 897-2
837,837,제주 패러글라이딩 스쿨,"제주특별자치도 제주시 신선길 17-6, 일도주택3층(일도2동)",제주특별자치도 제주시 일도이동 1029-139
838,838,제주4.3평화공원,제주특별자치도 제주시 명림로 430,제주특별자치도 제주시 봉개동 237-2
839,839,제주고산리유적,제주특별자치도 제주시 한경면 노을해안로 1100,제주특별자치도 제주시 한경면 고산리 3650-1
840,840,제주공룡랜드[휴장중],제주특별자치도 제주시 애월읍 광령평화2길 1,제주특별자치도 제주시 애월읍 광령리 2698
841,841,제주곶자왈도립공원,제주특별자치도 서귀포시 대정읍 에듀시티로 178,제주특별자치도 서귀포시 대정읍 보성리 산1
842,842,제주교육박물관,제주특별자치도 제주시 오복 4길 25,제주특별자치도 제주시 이도이동 539-14
843,843,제주국제공항,제주특별자치도 제주시 공항로 2,제주특별자치도 제주시 용담이동 2002
844,844,제주국제공항(정뜨르비행장),제주특별자치도 제주시 공항로 2,제주특별자치도 제주시 용담이동 2002
845,845,제주국제예술센터,제주특별자치도 서귀포시 대정읍 서삼중로 117,제주특별자치도 서귀포시 대정읍 무릉리 3296
846,846,제주국제컨벤션센터 icc,제주특별자치도 서귀포시 중문관광로 224,제주특별자치도 서귀포시 중문동 2700
847,847,제주국제평화센터,제주특별자치도 서귀포시 중문 관광로 227-24,제주특별자치도 서귀포시 중문동 2571
848,848,제주글램핑 (무한자미향),제주특별자치도 제주시 구좌읍 중산간동로 1921,제주특별자치도 제주시 구좌읍 덕천리 1811
849,849,제주기독교순례길,제주특별자치도 제주시 애월읍 금성하안길 3,제주특별자치도 제주시 애월읍 금성리 436-3
850,850,제주김녕미로공원,제주특별자치도 제주시 구좌읍 만장굴길 122,제주특별자치도 제주시 구좌읍 김녕리 산16
851,851,제주난타,제주특별자치도 제주시 선돌목동길 56-26,제주특별자치도 제주시 오등동 10-1
852,852,제주농업학교 옛터,제주특별자치도 제주시 전농로 100,제주특별자치도 제주시 삼도일동 305-4
853,853,제주다,제주특별자치도 제주시 애월읍 납읍남로 65,제주특별자치도 제주시 애월읍 납읍리 1417-4
854,854,제주다원 녹차미로공원,제주특별자치도 서귀포시 산록남로 1258,제주특별자치도 서귀포시 색달동 산51-4
855,855,제주다이브 체험다이빙,제주특별자치도 서귀포시 월드컵로 84,제주특별자치도 서귀포시 강정동 349-1
856,856,제주대학교 가는길,제주특별자치도 제주시 제주대학로 102,제주특별자치도 제주시 아라일동 1
857,857,제주대학교병원,제주특별자치도 제주시 아란13길 15,제주특별자치도 제주시 아라일동 1753-3
858,858,제주도공방노꼬메,제주특별자치도 제주시 동문로21길 19-2,제주특별자치도 제주시 건입동 1043-2
859,859,제주도립김창열미술관,제주특별자치도 제주시 한경면 용금로 883-5,제주특별자치도 제주시 한림읍 월림리 115-23
860,860,제주돌마을공원,제주특별자치도 제주시 한림읍 금능남로 421,제주특별자치도 제주시 한림읍 금능리 368-2
861,861,제주돌문화공원,제주특별자치도 제주시 조천읍 남조로 2023,제주특별자치도 제주시 조천읍 교래리 산95
862,862,제주돌하르방캠핑장,제주특별자치도 제주시 한경면 낙수로 271-40,제주특별자치도 제주시 한경면 청수리 2130
863,863,제주동백수목원,제주특별자치도 서귀포시 남원읍 위미중앙로300번길 15,제주특별자치도 서귀포시 남원읍 위미리 904-3
864,864,제주라프 짚라인,제주특별자치도 제주시 조천읍 선교로 117,제주특별자치도 제주시 조천읍 선흘리 600
865,865,제주러브랜드,제주특별자치도 제주시 1100로 2894-72,제주특별자치도 제주시 연동 680-26
866,866,제주레이크힐스컨트리클럽,제주특별자치도 서귀포시 산록남로 1391 (중문동),제주특별자치도 서귀포시 중문동 산5
867,867,제주레일바이크,제주특별자치도 제주시 구좌읍 용눈이오름로 641,제주특별자치도 제주시 구좌읍 종달리 4639
868,868,제주레포츠랜드,제주특별자치도 제주시 조천읍 와흘상서2길 47,제주특별자치도 제주시 조천읍 와흘리 870
869,869,제주롯데스카이힐컨트리클럽,제주특별자치도 서귀포시 상예로 530,제주특별자치도 서귀포시 색달동 240
870,870,제주목관아,제주특별자치도 제주시 관덕로 25,제주특별자치도 제주시 삼도이동 1045-1
871,871,제주문예회관,제주특별자치도 제주시 동광로 69,제주특별자치도 제주시 일도이동 852
872,872,제주미래교육연구원 과학탐구체험장,제주특별자치도 제주시 산록북로 421,제주특별자치도 제주시 오라이동 1-2
873,873,제주민속촌,제주특별자치도 서귀포시 표선면 민속해안로 631-34,제주특별자치도 서귀포시 표선면 표선리 40-1
874,874,제주바다체험장,제주특별자치도 제주시 구좌읍 동복리 608-3,명제주특별자치도 제주시 구좌읍 일주동로 1777
875,875,제주베니스랜드,제주특별자치도 서귀포시 성산읍 난산리 2575,제주특별자치도 서귀포시 성산읍 난산리 2575
876,876,제주베스트힐,제주특별자치도 제주시 조천읍 남조로 2109-38,제주특별자치도 제주시 조천읍 교래리 786-29
877,877,제주별빛누리공원,제주특별자치도 제주시 선돌목동길 60,제주특별자치도 제주시 오등동 10-34
878,878,제주불교성지 순례길 절로 가는길 - 보시의 길,제주특별자치도 제주시 애월읍 수산곰솔길 56,제주특별자치도 제주시 애월읍 수산리 산1-3
879,879,제주불교성지 순례길 절로 가는길 - 인욕의 길,제주특별자치도 제주시 산록북로 660,제주특별자치도 제주시 아라일동 387
880,880,제주불교성지 순례길 절로 가는길 - 정진의 길,제주특별자치도 서귀포시 영실로 246 (하원동),제주특별자치도 서귀포시 하원동 산1-1
881,881,제주불교성지 순례길 절로 가는길 - 지계의 길,제주특별자치도 제주시 서연길 10,제주특별자치도 제주시 연동 69-4
882,882,제주불교성지 순례길 절로가는길 - 선정의 길,제주특별자치도 서귀포시 516로771번길 59,제주특별자치도 서귀포시 상효동 산86-13
883,883,제주불빛정원 테마파크,제주특별자치도 제주시 애월읍 평화로 2346,제주특별자치도 제주시 애월읍 유수암리 1083
884,884,제주빅볼랜드,제주특별자치도 제주시 구좌읍 금백조로 951,제주특별자치도 제주시 구좌읍 송당리 산164-4
885,885,제주사랑방(제주책방),제주특별자치도 제주시 관덕로17길 27-1,제주특별자치도 제주시 일도일동 1243-1
886,886,제주성지,제주특별자치도 제주시 오현길 61,제주특별자치도 제주시 이도일동 1421-34
887,887,제주세계자연유산센터,제주특별자치도 제주시 조천읍 선교로 569-36(선흘리 478),제주특별자치도 제주시 조천읍 선흘리 478
888,888,제주센트럴파크,제주특별자치도 제주시 조천읍 비자림로 606,제주특별자치도 제주시 조천읍 교래리 산56-4
889,889,제주스쿠터여행,제주시 서광로 164,제주특별자치도 제주시 오라일동 2440-5
890,890,제주승마공원,제주특별자치도 제주시 애월읍 녹고메길 152-1,제주특별자치도 제주시 애월읍 유수암리 1175
891,891,제주시 충혼묘지 4·3추모비(박진경 추도비),제주특별자치도 제주시 노형동 산 19-2,제주특별자치도 제주시 노형동 산 19-2
892,892,제주신화전설탐방로,제주특별자치도 서귀포시 안덕면 녹차분재로 218,제주특별자치도 서귀포시 안덕면 서광리 산39
893,893,제주실탄사격장,제주특별자치도 서귀포시 소보리당로 164번길 62(상예동),제주특별자치도 서귀포시 상예동 2802
894,894,제주아리랑 NEW 혼,제주특별자치도 서귀포시 표선면 번영로 2564-21,제주특별자치도 서귀포시 표선면 성읍리 2684
895,895,제주아리온승마장,제주특별자치도 서귀포시 안덕면 신화역사로403번길 79,제주특별자치도 서귀포시 안덕면 동광리 1391
896,896,제주아세안홀,제주특별자치도 서귀포시 중문관광로 227-24,제주특별자치도 서귀포시 중문동 2571
897,897,제주아트서커스,제주특별자치도 서귀포시 안덕면 동광로 214,제주특별자치도 서귀포시 안덕면 동광리 886
898,898,제주아트센터,제주특별자치도 제주시 오남로 231,제주특별자치도 제주시 오라이동 898-8
899,899,제주안전체험관,제주특별자치도 제주시 애월읍 평화로 1885,제주특별자치도 제주시 애월읍 어음리 41-4
900,900,제주양떼목장,제주특별자치도 제주시 애월읍 도치돌길 289-13,제주특별자치도 제주시 애월읍 납읍리 114
901,901,제주어울림감귤체험농장,제주특별자치도 서귀포시 성산읍 서성일로 809,제주특별자치도 서귀포시 성산읍 수산리 1948
902,902,제주여가마을,제주특별자치도 제주시 조천읍 조와로 360,제주특별자치도 제주시 조천읍 와흘리 1480-2
903,903,제주오렌지,제주특별자치도 서귀포시 남원읍 서성로 684-5,제주특별자치도 서귀포시 남원읍 한남리 산5-7
904,904,제주오름승마랜드,조천읍 번영로 1734-15,제주특별자치도 제주시 조천읍 선흘리 454-1
905,905,제주올레 1-1코스,제주특별자치도 제주시 우도면 연평리 2473-1,제주특별자치도 제주시 우도면 연평리 2473-1
906,906,제주올레 10-1코스,제주특별자치도 서귀포시 대정읍 가파리 298,제주특별자치도 서귀포시 대정읍 가파리 298
907,907,제주올레 10코스,제주특별자치도 서귀포시 대정읍 상모리 산 2-27,제주특별자치도 서귀포시 대정읍 상모리 산 2-27
908,908,제주올레 11코스,제주특별자치도 서귀포시 대정읍 동일리 3168,명제주특별자치도 서귀포시 대정읍 대한로 15-1
909,909,제주올레 12코스,제주특별자치도 서귀포시 대정읍 신도리 2883-2,제주특별자치도 서귀포시 대정읍 신도리 2883-2
910,910,제주올레 13코스,제주특별자치도 제주시 한경면 조수리 2137-2,제주특별자치도 제주시 한경면 조수리 2137-2
911,911,제주올레 14-1코스,제주특별자치도 서귀포시 안덕면 서광리 산 50-22,제주특별자치도 서귀포시 안덕면 서광리 산 50-22
912,912,제주올레 14코스,제주특별자치도 제주시 한림읍 월령리 산 9-15,제주특별자치도 제주시 한림읍 월령리 산 9-15
913,913,제주올레 15-A코스,제주특별자치도 제주시 애월읍 납읍리 2695-5,제주특별자치도 제주시 애월읍 납읍리 2695-5
914,914,제주올레 15-B코스,제주특별자치도 제주시 한림읍 한림해안로 192,제주특별자치도 제주시 한림읍 대림리 2019-17
915,915,제주올레 16코스,제주특별자치도 제주시 애월읍 고내리 1111-2,제주특별자치도 제주시 애월읍 고내리 1111-2
916,916,제주올레 17코스,제주특별자치도 제주시 도두1동 2612-1,제주특별자치도 제주시 도두1동 2612-1
917,917,제주올레 18-1코스,제주특별자치도 제주시 추자면 묵리 산 133,제주특별자치도 제주시 추자면 묵리 산 133
918,918,제주올레 18코스,제주특별자치도 제주시 삼양1동 1131-2,제주특별자치도 제주시 삼양1동 1131-2
919,919,제주올레 19코스,제주특별자치도 제주시 조천읍 조천리 1142,제주특별자치도 제주시 조천읍 조천리 1142
920,920,제주올레 1코스,제주특별자치도 서귀포시 성산읍 오조리 396-1,제주특별자치도 서귀포시 성산읍 오조리 396-1
921,921,제주올레 20코스,제주특별자치도 제주시 구좌읍 행원동길 22,제주특별자치도 제주시 구좌읍 행원리 768
922,922,제주올레 21코스,제주특별자치도 제주시 구좌읍 하도리 3204-1,제주특별자치도 제주시 구좌읍 하도리 3204-1
923,923,제주올레 2코스,제주특별자치도 서귀포시 성산읍 고성리 2563-3,제주특별자치도 서귀포시 성산읍 고성리 2563-3
924,924,제주올레 3코스,제주특별자치도 서귀포시 표선면 하천리 87-1,제주특별자치도 서귀포시 표선면 하천리 87-1
925,925,제주올레 4코스,제주특별자치도 서귀포시 남원읍 태흥리 200-2,제주특별자치도 서귀포시 남원읍 태흥리 200-2
926,926,제주올레 5코스,제주특별자치도 서귀포시 남원읍 남태해안로 140,제주특별자치도 서귀포시 남원읍 남원리 91-6
927,927,제주올레 6코스,제주특별자치도 서귀포시 보목동 1377-4,제주특별자치도 서귀포시 보목동 1377-4
928,928,제주올레 7-1코스,제주특별자치도 서귀포시 서호동 553-1,제주특별자치도 서귀포시 서호동 553-1
929,929,제주올레 7코스,제주특별자치도 서귀포시 서홍동 795-1,명제주특별자치도 서귀포시 남성로 62
930,930,제주올레 8코스,제주특별자치도 서귀포시 예래해안로 256,제주특별자치도 서귀포시 하예동 532-3
931,931,제주올레 9코스,제주특별자치도 서귀포시 안덕면 감산리 982-2,제주특별자치도 서귀포시 안덕면 감산리 982-2
932,932,제주용암수 홍보관,제주특별자치도 제주시 구좌읍 일주동로 2706-27 (한동리) 오리온 제주용암수,제주특별자치도 제주시 구좌읍 한동리 4849-18
933,933,제주우리병원,제주특별자치도 제주시 중앙로 373,제주특별자치도 제주시 이도이동 1986-3
934,934,제주워터월드,제주특별자치도 서귀포시 월드컵로 33,제주특별자치도 서귀포시 법환동 914
935,935,제주유리박물관,제주특별자치도 서귀포시 중산간서로 1403,제주특별자치도 서귀포시 상예동 4303
936,936,제주유리의성,제주특별자치도 제주시 한경면 녹차분재로 462,제주특별자치도 제주시 한경면 저지리 3135-1 유리의 성
937,937,제주인디,제주특별자치도 서귀포시 성산읍 중산간동로 4150-30,제주특별자치도 서귀포시 성산읍 삼달리 1010
938,938,제주잠수함(국제리더스클럽),제주특별자치도 제주시 조천읍 조함해안로 321-21,제주특별자치도 제주시 조천읍 신흥리 1-11
939,939,제주절물자연휴양림,제주특별자치도 제주시 명림로 584,제주특별자치도 제주시 봉개동 산78-1
940,940,제주제트,제주특별자치도 서귀포시 대포로 172-5,제주특별자치도 서귀포시 대포동 2184-10
941,941,제주조천스위스마을,제주특별자치도 제주시 조천읍 함와로 566-27,제주특별자치도 제주시 조천읍 와산리 1559-18
942,942,제주중앙성당,제주특별자치도 제주시 관덕로8길 14,제주특별자치도 제주시 삼도이동 114
943,943,제주쥬티클럽,제주특별자치도 서귀포시 성산읍 신양로 113,제주특별자치도 서귀포시 성산읍 고성리 206-7
944,944,제주참숯가마찜질방,제주특별자치도 서귀포시 성산읍 삼달로 47,제주특별자치도 서귀포시 성산읍 삼달리 124-3
945,945,제주추사관,제주특별자치도 서귀포시 대정읍 추사로 44,제주특별자치도 서귀포시 대정읍 안성리 1661-1
946,946,제주친구,제주특별자치도 서귀포시 동홍로 149,제주특별자치도 서귀포시 동홍동 1255-2
947,947,제주카약,제주특별자치도 제주시 조천읍 평사길 19,제주특별자치도 제주시 조천읍 함덕리 206-1
948,948,제주카트클럽,제주특별자치도 제주시 한림읍 중산간서로 3853,제주특별자치도 제주시 한림읍 월림리 341-2
949,949,제주커피박물관 바움 Baum,제주특별자치도 서귀포시 성산읍 서성일로1168번길 89-17,제주특별자치도 서귀포시 성산읍 고성리 2040-1
950,950,제주컨트리클럽,제주특별자치도 제주시 영평동 2263-5,제주특별자치도 제주시 영평동 2263-5
951,951,제주특별자치도 도립미술관,제주특별자치도 제주시 1100로 2894-78,제주특별자치도 제주시 연동 680-7 제주도립미술관
952,952,제주펫,제주특별자치도 서귀포시 남원읍 한신로531번길 22-3,제주특별자치도 서귀포시 남원읍 신흥리 1759-3
953,953,제주평화박물관(전쟁평화박물관)[휴관중],제주특별자치도 제주시 한경면 청수서5길 63,제주특별자치도 제주시 한경면 청수서5길 63
954,954,제주플래티늄카라반,제주특별자치도 제주시 애월읍 하귀미수포길 5-8,제주특별자치도 제주시 애월읍 하귀미수포길 5-8
955,955,제주하늘을날다(패러글라이딩),제주특별자치도 제주시 도남로17길 32 영산홍아파트 가동,제주특별자치도 제주시 도남동 78 영산홍아파트
956,956,제주한라병원,제주특별자치도 제주시 도령로 65,제주특별자치도 제주시 연동 1963-2
957,957,제주항공우주박물관,제주특별자치도 서귀포시 안덕면 녹차분재로 218 항곡우주박물관,제주특별자치도 서귀포시 안덕면 서광리 산39 제주항공우주박물관
958,958,제주항일기념관,제주특별자치도 제주시 조천읍 신북로 303,제주특별자치도 제주시 조천읍 조천리 1156 제주항일기념관
959,959,제주해양동물박물관,제주특별자치도 서귀포시 성산읍 서성일로 689-21,제주특별자치도 서귀포시 성산읍 수산리 3233
960,960,제주해양레저,제주특별자치도 서귀포시 중문관광로 192,제주특별자치도 서귀포시 중문동 2785-2
961,961,제주해양레저파크,제주특별자치도 제주시 조천읍 조함해안로 519-10,제주특별자치도 제주시 조천읍 함덕리 1008-1
962,962,제주해양사업단,제주특별자치도서귀포시대정읍최남단해안로 130,제주특별자치도 서귀포시 대정읍 하모리 646-20
963,963,제주햇살농원,제주특별자치도 제주시 조천읍 북선로 189,제주특별자치도 제주시 조천읍 선흘리 3530-1
964,964,제주향교,제주특별자치도 제주시 서문로 43,제주특별자치도 제주시 용담일동 298-8 제주향교
965,965,제주허브동산,제주특별자치도 서귀포시 표선면 돈오름로 170,제주특별자치도 서귀포시 표선면 표선리 2608
966,966,제주현대미술관,제주특별자치도 제주시 한경면 저지14길 35,제주특별자치도 제주시 한경면 저지14길 35
967,967,조은승마장,제주특별자치도 서귀포시 안덕면 동광로 265-14,제주특별자치도 서귀포시 안덕면 동광리 897-2
968,968,지포뮤지엄,제주특별자치도 서귀포시 성산읍 섭지코지로 107,제주특별자치도 서귀포시 성산읍 고성리 127-2 휘닉스아일랜드콘도
969,969,참굴비조형물,제주특별자치도 제주시 추자면 묵리 산 131-1,제주특별자치도 제주시 추자면 묵리 산 131-1
970,970,청초밭영농조합법인,제주특별자치도 서귀포시 표선면 성읍이리로57번길 34,제주특별자치도 서귀포시 표선면 성읍리 2497
971,971,제주홀스타승마장,제주특별자치도 제주시 산록북로 8,제주특별자치도 제주시 연동 산146-19
972,972,조은동물병원,제주특별자치도 서귀포시 동문로 40,제주특별자치도 서귀포시 서귀동 270-7
973,973,중문레져UTV,제주특별자치도 서귀포시 산록남로 1578,제주특별자치도 서귀포시 대포동 산38-2
974,974,추억애거리,제주특별자치도 제주시 도공로 3-3,제주특별자치도 제주시 도두일동 2630-1
975,975,추자도,제주특별자치도 제주시 추자면 추자도,제주특별자치도 제주시 추자면 추자도
976,976,추자도 숭어체험장,제주특별자치도 제주시 추자면 석두리길 4,제주특별자치도 제주시 추자면 신양리 874-11
977,977,추자도등대,제주특별자치도 제주시 추자면 영흥4길 43,제주특별자치도 제주시 추자면 영흥리 75
978,978,추자등대,제주특별자치도 제주시 추자면 영흥리 77-3,제주특별자치도 제주시 추자면 영흥리 77-3
979,979,추자연도교,제주특별자치도 제주시 추자면 영흥리 97-3,제주특별자치도 제주시 추자면 영흥리 97-3
980,980,취다선리조트,제주특별자치도 서귀포시 성산읍 해맞이해안로 2688,제주특별자치도 서귀포시 성산읍 오조리 398-10
981,981,칠머리길,제주특별자치도 제주시 칠머리길 1,제주특별자치도 제주시 건입동 956-16
982,982,카멜리아힐,제주 서귀포시 안덕면 병악로 166,제주특별자치도 서귀포시 안덕면 상창리 271
983,983,카카오본사(구 스페이스닷원),제주특별자치도 제주시 첨단로 242,제주특별자치도 제주시 영평동 2181
984,984,카카오패밀리 로이인더정글카밀라스,제주특별자치도 제주시 구좌읍 구좌로 60,제주특별자치도 제주시 구좌읍 세화리 1413-2
985,985,캐니언파크,제주특별자치도 제주시 삼무로 51,제주특별자치도 제주시 연동 281-20
986,986,캐릭파크,제주특별자치도 제주시 조천읍 선교로 266,제주특별자치도 제주시 조천읍 선흘리 2019-3
987,987,캔디원,제주특별자치도 제주시 조천읍 선교로 384,제주특별자치도 제주시 조천읍 선흘리 1776
988,988,캘리그라피 오월,제주특별자치도 제주시 오남로 90,제주특별자치도 제주시 오라이동 959-1
989,989,캣츠앤독스,제주특별자치도 서귀포시 태평로 488,제주특별자치도 서귀포시 동홍동 382-1
990,990,케이제주씨워킹,제주특별자치도 서귀포시 대정읍 최남단해안로 120,제주특별자치도 서귀포시 대정읍 하모리 646-20
991,991,케이제주해양사업단,제주특별자치도 서귀포시 대정읍 최남단해안로 116,제주특별자치도 서귀포시 대정읍 하모리 648-3
992,992,코기절미,제주특별자치도 제주시 1100로 3198-20,제주특별자치도 제주시 노형동 82-2
993,993,코코몽 에코파크,제주특별자치도 서귀포시 남원읍 태위로 536,제주특별자치도 서귀포시 남원읍 남원리 2380
994,994,쿠키네,제주특별자치도 제주시 애월읍 일주서로 6689,제주특별자치도 제주시 애월읍 신엄리 1280-15
995,995,쿠킹독,제주특별자치도 제주시 연북로 41,제주특별자치도 제주시 노형동 722-2
996,996,큰넓궤,제주특별자치도 서귀포시 안덕면 동광리 90 일대,제주특별자치도 서귀포시 안덕면 동광리 90 일대
997,997,큰노꼬메오름,제주특별자치도 제주시 애월읍 유수암리 산 138,제주특별자치도 제주시 애월읍 유수암리 산 138
998,998,큰바리메오름,제주특별자치도 제주시 애월읍 어음리 산 21,제주특별자치도 제주시 애월읍 어음리 산 21
999,999,큰사슴이오름,제주특별자치도 서귀포시 표선면 중산간동로,제주 서귀포시 표선면 가시리 산68
1000,1000,클럽나인브릿지,제주특별자치도 서귀포시 안덕면 광평로 34-156,제주특별자치도 서귀포시 안덕면 광평리 산15
1001,1001,키아나 요가,제주특별자치도 서귀포시 안덕면 사계남로50번길 1,제주특별자치도 서귀포시 안덕면 사계리 2347-1
1002,1002,타오하우스,제주특별자치도 제주시 도두봉6길 9-1,제주특별자치도 제주시 도두일동 1700-8
1003,1003,탐나라공화국(제주남이섬),제주특별자치도 제주시 한림읍 한창로 897,제주특별자치도 제주시 한림읍 금악리 81-8
1004,1004,탐라승마장,제주특별자치도 제주시 조천읍 비자림로 1044,제주특별자치도 제주시 조천읍 교래리 42-3
1005,1005,탑동,제주특별자치도 제주시 중앙로 2,제주특별자치도 제주시 삼도이동 1262
1006,1006,탑동해변공연장,제주특별자치도 제주시 중앙로 2,제주특별자치도 제주시 삼도이동 1262
1007,1007,태웃개,제주특별자치도 서귀포시 남원읍 태위로398번길 57,제주특별자치도 서귀포시 남원읍 위미리 70-1
1008,1008,태흥포구,제주특별자치도 서귀포시 남원읍 태흥리,제주특별자치도 서귀포시 남원읍 태흥리
1009,1009,터진목 & 성산면 4·3희생자 위령비,제주특별자치도 서귀포시 성산읍 일출로 88-19,제주특별자치도 서귀포시 성산읍 고성리 224-1
1010,1010,테디베어뮤지엄제주,제주특별자치도 서귀포시 중문관광로110번길 31,제주특별자치도 서귀포시 색달동 2889
1011,1011,테디베어사파리 테지움,제주특별자치도 제주시 애월읍 평화로 2159,제주특별자치도 제주시 애월읍 소길리 155-106
1012,1012,테우마을 수원리 농어촌체험마을,제주시 한림읍 한림해안로 274,제주특별자치도 제주시 한림읍 수원리 725-1
1013,1013,텐타임즈,제주특별자치도 서귀포시 이어도로 826-51,제주특별자치도 서귀포시 강정동 750
1014,1014,토끼섬,제주특별자치도 제주시 구좌읍 하도리,제주특별자치도 제주시 구좌읍 하도리
1015,1015,토산봉(망오름),제주특별자치도 서귀포시 표선면 토산리 산 13,제주특별자치도 서귀포시 표선면 토산리 산 13
1016,1016,토이레저,제주특별자치도 서귀포시 안덕면 동광로 267-7,제주특별자치도 서귀포시 안덕면 동광리 383
1017,1017,토이승마장,제주특별자치도 서귀포시 안덕면 동광로 265-14,제주특별자치도 서귀포시 안덕면 동광리 897-2
1018,1018,토이파크,제주특별자치도 서귀포시 안덕면 동광로 267-7,제주특별자치도 서귀포시 안덕면 동광리 383
1019,1019,토종닭유통특구교래삼다수마을,제주특별자치도 제주시 조천읍 교래리,제주특별자치도 제주시 조천읍 교래리
1020,1020,톨칸이,제주특별자치도 제주시 우도면 연평리 1732-1,제주특별자치도 제주시 우도면 연평리 1732-1
1021,1021,통오름,제주특별자치도 서귀포시 성산읍 신산리 1754-1,제주특별자치도 서귀포시 성산읍 신산리 1754-1
1022,1022,통일관,제주특별자치도 제주시 삼성로 46,제주특별자치도 제주시 일도이동 968-2
1023,1023,튼튼동물병원,제주특별자치도 제주시 중앙로 351,제주특별자치도 제주시 이도이동 1987-14
1024,1024,팀케이,제주특별자치도 제주시 고사마루길 67-4,제주특별자치도 제주시 노형동 2239-1
1025,1025,파군봉(바굼지오름),제주특별자치도 제주시 애월읍 하귀1리 688-1,제주특별자치도 제주시 애월읍 하귀1리 688-1
1026,1026,파더스가든,제주특별자치도 서귀포시 안덕면 병악로 44-33,제주특별자치도 서귀포시 안덕면 상창리 804
1027,1027,파인더웨이브,제주특별자치도 제주시 애월읍 일주서로 6079,제주특별자치도 제주시 애월읍 곽지리 1549-1
1028,1028,파파빌레,제주특별자치도 제주시 조천읍 남조로 2185,제주특별자치도 제주시 조천읍 와흘리 165-8
1029,1029,"판포오름 (널개오름, 板浦岳)",제주특별자치도 제주시 한경면 판포리 934,제주특별자치도 제주시 한경면 판포리 934
1030,1030,판포포구,제주특별자치도 제주시 한경면 판포리 2877-3,제주특별자치도 제주시 한경면 판포리 2877-3
1031,1031,퍼시픽 마리나 요트투어,제주특별자치도 서귀포시 중문관광로 154-17,제주특별자치도 서귀포시 색달동 2950-17
1032,1032,퍼피홀릭,제주특별자치도 제주시 승천로 81,제주특별자치도 제주시 아라이동 3003-10
1033,1033,펫소풍,제주특별자치도 서귀포시 안덕면 화순서서로 458,제주특별자치도 서귀포시 안덕면 서광리 2188-1
1034,1034,펫플러스,제주특별자치도 제주시 신광로 52,제주특별자치도 제주시 연동 262-4
1035,1035,편백포레스트,제주특별자치도 서귀포시 남원읍 서성로 544-97,제주특별자치도 서귀포시 남원읍 한남리 산18
1036,1036,평대리불턱,제주특별자치도 제주시 구좌읍 해맞이해안로 1240-3,제주특별자치도 제주시 구좌읍 평대리 515-67
1037,1037,평대리해변,제주특별자치도 제주시 구좌읍 평대리 515-24,제주특별자치도 제주시 구좌읍 평대리 515-24
1038,1038,평대해변,제주특별자치도 제주시 구좌읍 평대리 1994-20,제주특별자치도 제주시 구좌읍 평대리 1994-20
1039,1039,평수포구,제주특별자치도 제주시 한림읍 한림해안로 297-1,제주특별자치도 제주시 한림읍 수원리 952
1040,1040,평화통일 불사리탑,제주특별자치도 제주시 조천읍 일주동로 884,제주특별자치도 제주시 조천읍 조천리 2268-1
1041,1041,포레스트 사파리,제주특별자치도 제주시 조천읍 선교로 474-1,제주특별자치도 제주시 조천읍 선흘리 1817
1042,1042,포브독,제주특별자치도 제주시 연북로 74,제주특별자치도 제주시 연동 1371-3
1043,1043,포토갤러리 자연사랑미술관,제주특별자치도 서귀포시 표선면 가시리 1920-1,제주특별자치도 서귀포시 표선면 가시리 1920-1
1044,1044,표선세화해안도로,제주특별자치도 서귀포시 표선면 표선리,제주특별자치도 서귀포시 표선면 표선리
1045,1045,표선해수욕장,제주특별자치도 서귀포시 표선면 표선리,제주특별자치도 서귀포시 표선면 표선리
1046,1046,푸른콩 방주영농조합법인,제주특별자치도 서귀포시 중산간서로 740(중문동),제주특별자치도 서귀포시 중문동 1226
1047,1047,풋감마을 소길리 농어촌체험마을,제주시 애월읍 소길1길 15,제주특별자치도 제주시 애월읍 소길리 650-1
1048,1048,퓸퓸몽,제주특별자치도 제주시 신설로2길 5-17,제주특별자치도 제주시 이도이동 1970-6
1049,1049,플레이박스VR,제주특별자치도 제주시 은수길 69,제주특별자치도 제주시 연동 1320
1050,1050,피규어뮤지엄 제주,제주특별자치도 서귀포시 안덕면 한창로 243,제주특별자치도 서귀포시 안덕면 상창리 1875-8
1051,1051,피크닉메이트,제주특별자치도 제주시 아란4길 84,제주특별자치도 제주시 아라일동 6061-5
1052,1052,핀크스 골프클럽,제주특별자치도 서귀포시 안덕면 산록남로 863,제주특별자치도 서귀포시 안덕면 상천리 산62-3
1053,1053,필코 스튜디오,제주특별자치도 제주시 한경면 저지12길 62-5 (저지리),제주특별자치도 제주시 한경면 저지리 3265-6
1054,1054,하고수동해변,제주특별자치도 제주시 우도면 연평리,제주특별자치도 제주시 우도면 연평리
1055,1055,하논마르,제주특별자치도 서귀포시 서홍동 1003,제주특별자치도 서귀포시 서홍동 1003
1056,1056,하도 어촌 체험 마을,제주특별자치도 제주시 구좌읍 해맞이해안로 1897-27,제주특별자치도 제주시 구좌읍 하도리 22-10
1057,1057,하도리 철새도래지,제주특별자치도 제주시 구좌읍 하도리 53-2,제주특별자치도 제주시 구좌읍 하도리 53-2
1058,1058,하도어촌체험마을,제주특별자치도 제주시 구좌읍 해맞이해안로 1897-27,제주특별자치도 제주시 구좌읍 하도리 22-10
1059,1059,하도해변,제주특별자치도 제주시 구좌읍 해맞이해안로,제주 제주시 구좌읍 하도리
1060,1060,하례감귤점빵협동조합,제주특별자치도 서귀포시 남원읍 하례로 272,제주특별자치도 서귀포시 남원읍 하례리 738-12
1061,1061,하례점빵,제주특별자치도 서귀포시 남원읍 하례로 272,제주특별자치도 서귀포시 남원읍 하례리 738-12
1062,1062,하멜기념비,제주특별자치도 서귀포시 안덕면 사계리 112-3,제주특별자치도 서귀포시 안덕면 사계리 112-3
1063,1063,하모돌고래투어,제주특별자치도 서귀포시 대정읍 최남단해안로 120,제주특별자치도 서귀포시 대정읍 하모리 646-20
1064,1064,하예포구(예래포구),제주특별자치도 서귀포시 하예동,제주특별자치도 서귀포시 하예동
1065,1065,하효살롱 협동조합,제주특별자치도 서귀포시 효돈순환로 217-8,제주특별자치도 서귀포시 하효동 967-1
1066,1066,한국건강관리협회제주특별자치도부,제주특별자치도 제주시 연북로 111,제주특별자치도 제주시 연동 1375
1067,1067,한국병원,제주특별자치도 제주시 서광로 193,제주특별자치도 제주시 삼도일동 518
1068,1068,한국야구명예전당(야구박물관),제주특별자치도 서귀포시 중산간서로 97-1,제주특별자치도 서귀포시 강정동 1481-3
1069,1069,한남의숙터,제주특별자치도 서귀포시 대정읍 추사로,제주특별자치도 서귀포시 대정읍 안성리
1070,1070,한담해변,제주특별자치도 제주시 애월읍 애월로1길 26-4,제주특별자치도 제주시 애월읍 애월리 2533-1
1071,1071,한동환해장성,제주특별자치도 제주시 구좌읍 해맞이해안로 858-1,제주특별자치도 제주시 구좌읍 행원리 106
1072,1072,한라동물종합병원,제주특별자치도 제주시 고마로 37,제주특별자치도 제주시 일도이동 321-10
1073,1073,한라산 아래 첫 마을,제주특별자치도 서귀포시 안덕면 광평로 41,제주특별자치도 서귀포시 안덕면 광평리 195-2
1074,1074,한라산국립공원,제주특별자치도 제주시 1100로 2070-61,제주특별자치도 제주시 해안동 산220-13
1075,1075,한라산소주공장,제주특별자치도 제주시 한림읍 한림로 555,제주특별자치도 제주시 한림읍 옹포리 396
1076,1076,한라산어리목코스,제주특별자치도 제주시 1100로 2070-61,제주특별자치도 제주시 해안동 산220-13
1077,1077,한라산영실코스,제주특별자치도 서귀포시 영실로 246,제주특별자치도 서귀포시 하원동 산1-1
1078,1078,한라생태숲,제주특별자치도 제주시 516로 2596,제주특별자치도 제주시 용강동 산14-1
1079,1079,한라수목원,제주특별자치도 제주시 수목원길 72,제주특별자치도 제주시 연동 1012
1080,1080,한라승마장,제주특별자치도 서귀포시 안덕면 평화로 1078,제주특별자치도 서귀포시 안덕면 동광리 산32-2
1081,1081,한라의향기,제주특별자치도 서귀포시 안덕면 병악로 58,제주특별자치도 서귀포시 안덕면 상창리 840
1082,1082,한림공원,제주특별자치도 제주시 한림읍 한림로 300(협재리),제주특별자치도 제주시 한림읍 협재리 2487
1083,1083,한림동물병원,제주특별자치도 제주시 한림읍 한림상로 114,제주특별자치도 제주시 한림읍 동명리 1597-7
1084,1084,한림바다체험마을,제주특별자치도 제주시 한림읍 한림해안로 200,제주특별자치도 제주시 한림읍 한수리 879-30
1085,1085,한림항,제주특별자치도 제주시 한림읍 한림해안로 192,제주특별자치도 제주시 한림읍 대림리 2019-17
1086,1086,한림해안도로,제주특별자치도 제주시 한림읍 귀덕리,제주특별자치도 제주시 한림읍 귀덕리
1087,1087,한모살 (표선백사장),제주특별자치도 제주시 표선면 표선리,제주특별자치도 제주시 표선면 표선리
1088,1088,한형수정원,제주특별자치도 제주시 한림읍 옹포2길 44,제주특별자치도 제주시 한림읍 협재리 1352
1089,1089,한화리조트 테라피센터,제주특별자치도 제주시 명림로 575-107 한화리조트 로비층 지하,제주특별자치도 제주시 회천동 3-16
1090,1090,함덕백사장 & 서우봉,제주특별자치도 제주시 조천읍 조함해안로 519-10,제주특별자치도 제주시 조천읍 함덕리 1008-1
1091,1091,함덕스쿠버,제주특별자치도 제주시 조천읍 조함해안로 376-11,제주특별자치도 제주시 조천읍 함덕리 3297
1092,1092,함덕야영장,제주특별자치도 제주시 조천읍 함덕리 1008,제주특별자치도 제주시 조천읍 함덕리 1008
1093,1093,함덕잠수함(이고제주),제주특별자치도 제주시 조천읍 조함해안로 378,제주특별자치도 제주시 조천읍 함덕리 3294
1094,1094,함덕카페거리,제주특별자치도 제주시 조천읍 함덕리,제주특별자치도 제주시 조천읍 함덕리
1095,1095,함덕해수욕장,제주특별자치도 제주시 조천읍 조함해안로 525,제주특별자치도 제주시 조천읍 함덕리 1004-10
1096,1096,항파두리항몽유적지,제주특별자치도 제주시 애월읍 항파두리로 50,제주특별자치도 제주시 애월읍 상귀리 1012
1097,1097,해거름전망대,제주특별자치도 제주시 한경면 일주서로 4641,제주특별자치도 제주시 한경면 판포리 1462-2
1098,1098,해녀박물관,제주특별자치도 제주시 구좌읍 해녀박물관길 26,제주특별자치도 제주시 구좌읍 상도리 3204-1
1099,1099,해녀의 태왁,제주특별자치도 제주시 구좌읍 김송로 94,제주특별자치도 제주시 구좌읍 김녕리 904-4
1100,1100,해맑은동물병원,제주특별자치도 제주시 한라대학로 75,제주특별자치도 제주시 노형동 759
1101,1101,해맞이해안로,제주특별자치도 제주시 구좌읍 김녕리,제주특별자치도 제주시 구좌읍 김녕리
1102,1102,해비치컨트리클럽제주,제주특별자치도 서귀포시 남원읍 원님로 399번길 319,제주특별자치도 서귀포시 남원읍 신흥리 산30
1103,1103,해빛,제주특별자치도 제주시 조천읍 신촌9길 8,제주특별자치도 제주시 조천읍 신촌리 1899-1
1104,1104,해빛다이브,제주특별자치도 서귀포시 칠십리로 123,제주특별자치도 서귀포시 서귀동 42
1105,1105,해품은체험농장,제주특별자치도 서귀포시 성산읍 서성일로 1078-14,제주특별자치도 서귀포시 성산읍 수산리 225
1106,1106,해피맘하우스,제주특별자치도 제주시 애월읍 애월해안로 306-3,제주특별자치도 제주시 애월읍 고내리 448-2
1107,1107,해피애견놀이방,제주특별자치도 제주시 오라로1길 20-9,제주특별자치도 제주시 오라삼동 2238-5
1108,1108,핸즈웍스,제주특별자치도 제주시 한림읍 귀덕로 78,제주특별자치도 제주시 한림읍 귀덕리 756
1109,1109,행복공방 에치비,제주특별자치도 서귀포시 중산간서로 188,제주특별자치도 서귀포시 강정동 5628
1110,1110,행원육상양식단지,제주특별자치도 제주시 구좌읍 해맞이해안로 680-13,제주특별자치도 제주시 구좌읍 행원리 1-33
1111,1111,허브동산 미디어 파사드 (media facade),제주특별자치도 서귀포시 표선면 돈오름로 170,제주특별자치도 서귀포시 표선면 표선리 2608
1112,1112,헌마공신 김만일기념관,제주특별자치도 서귀포시 남원읍 서성로 919,제주특별자치도 서귀포시 남원읍 한남리 992
1113,1113,헬로키티아일랜드,제주특별자치도 서귀포시 안덕면 한창로 340,제주특별자치도 서귀포시 안덕면 상창리 1963-2
1114,1114,현사포구,제주특별자치도 제주시 이호1동,제주특별자치도 제주시 이호1동
1115,1115,현의합장묘역,제주특별자치도 서귀포시 남원읍 중산간동로 6242-56,제주특별자치도 서귀포시 남원읍 수망리 893
1116,1116,협자연대,제주특별자치도 서귀포시 성산읍 고성리 57-1,제주특별자치도 서귀포시 성산읍 고성리 57-1
1117,1117,협재굴(한림공원),제주특별자치도 제주시 한림읍 한림로 300,제주특별자치도 제주시 한림읍 협재리 2487
1118,1118,협재포구,제주특별자치도 제주시 한림읍 협재리,제주특별자치도 제주시 한림읍 협재리
1119,1119,협재해수욕장,제주특별자치도 제주시 한림읍 한림로 329-10,제주특별자치도 제주시 한림읍 협재리 2447
1120,1120,형제섬,제주특별자치도 서귀포시 안덕면 사계리 산 44,제주특별자치도 서귀포시 안덕면 사계리 산 44
1121,1121,형제해안도로,제주특별자치도 서귀포시 대정읍 상모리 1649-1,제주특별자치도 서귀포시 대정읍 상모리 1649-1
1122,1122,형제해안로전망대,제주특별자치도 서귀포시 안덕면 형제해안로 26,제주특별자치도 서귀포시 안덕면 사계리 2147-13
1123,1123,혼인지,제주특별자치도 서귀포시 성산읍 혼인지로 39-22,제주특별자치도 서귀포시 성산읍 온평리 1702-1
1124,1124,홀리데이 다이빙 코리아,제주특별자치도 서귀포시 칠십리로91번길 25,제주특별자치도 서귀포시 서귀동 688-5
1125,1125,화북비석거리,제주특별자치도 제주시  화북1동 4008,제주특별자치도 제주시  화북1동 4008
1126,1126,화북환해장성,제주특별자치도 제주시 화북동,제주특별자치도 제주시 화북동
1127,1127,화순곶자왈생태탐방숲길,제주특별자치도 서귀포시 안덕면 화순서동로 151,제주특별자치도 서귀포시 안덕면 화순리 2045-5
1128,1128,화순금모래해수욕장,제주특별자치도 서귀포시 안덕면 화순해안로 91,제주특별자치도 서귀포시 안덕면 화순리 776-7
1129,1129,화순금모래해수욕장담수수영장,제주특별자치도 서귀포시 안덕면 화순리 776-8,제주특별자치도 서귀포시 안덕면 화순리 776-8
1130,1130,화순리 유채꽃길,제주특별자치도 서귀포시 안덕면 화순리 1230-4,제주특별자치도 서귀포시 안덕면 화순리 1230-4
1131,1131,화조원,제주특별자치도 제주시 애월읍 애원로 804,제주특별자치도 제주시 애월읍 납읍리 58
1132,1132,환상숲 곶자왈공원,제주특별자치도 제주시 한경면 녹차분재로 594-1,제주특별자치도 제주시 한경면 저지리 2848-2
1133,1133,환상숲곶자왈 담앙족욕,제주특별자치도 제주시 한경면 녹차분재로 594-1,제주특별자치도 제주시 한경면 저지리 2848-2
1134,1134,황금굴(한림공원),제주특별자치도 제주시 한림읍 한림로 300,제주특별자치도 제주시 한림읍 협재리 2487
1135,1135,황우럭만화천국사회적협동조합,제주특별자치도 제주시 한림읍 내동남길 7-3,제주특별자치도 제주시 한림읍 한림리 1055
1136,1136,황우지해안,제주특별자치도 서귀포시 서홍동 766-1,제주특별자치도 서귀포시 서홍동 766-1
1137,1137,황우지해안 열두굴,제주특별자치도 서귀포시 서홍동 764-1,제주특별자치도 서귀포시 서홍동 764-1
1138,1138,효명사,제주특별자치도 서귀포시 남원읍 516로 815-41,제주특별자치도 서귀포시 남원읍 하례리 산45
1139,1139,후포해변,제주특별자치도 제주시 추자면 대서5길 87,제주특별자치도 제주시 추자면 대서리 267
1140,1140,훈데르트바서파크,제주특별자치도 제주시 우도면 우도해안길 32-12,제주특별자치도 제주시 우도면 연평리 2658
1141,1141,휘닉스 르쏠레이테라피,제주특별자치도 서귀포시 성산읍 섭지코지로 107 휘닉스제주아일랜드리조트 블루동 1층,제주특별자치도 서귀포시 성산읍 고성리 127-2
1142,1142,휴림,제주특별자치도 제주시 애월읍 광령남서길 40,제주특별자치도 제주시 애월읍 광령리 2873
1143,1143,휴애리 자연생활공원,"제주특별자치도 서귀포시 남원읍 신례동로 256 (신례리, 휴애리)",제주특별자치도 서귀포시 남원읍 신례리 2081
1144,1144,흑돼지거리,제주특별자치도 제주시 건입동,제주특별자치도 제주시 건입동
1145,1145,"그대, 나의 뮤즈 : 클림트 to 마티스",제주특별자치도 서귀포시 안덕면 신화역사로304번길 38 제주신화월드 서머셋클럽하우스,제주특별자치도 서귀포시 안덕면 서광리 산24
1146,1146,바당미술관,제주특별자치도 서귀포시 대정읍 노을해안로 96,제주특별자치도 서귀포시 대정읍 일과리 1924-4
1147,1147,우도보물섬레져,제주특별자치도 제주시 우도면 우도해안길 336,제주특별자치도 제주시 우도면 연평리 2427-3
1148,1148,동검은이오름(거미오름),제주특별자치도 제주시 구좌읍 종달리 산 70,제주특별자치도 제주시 구좌읍 종달리 산 70
1149,1149,백약이오름 [출입제한 - 자연휴식년제 적용 중],제주특별자치도 서귀포시 표선면 성읍리 산 1,제주특별자치도 서귀포시 표선면 성읍리 산 1
1150,1150,솔담현경철한의원,제주특별자치도 제주시 1100로 3055,제주특별자치도 제주시 노형동 241-1
1151,1151,송악산 [출입제한 - 자연휴식년제 적용 중],제주특별자치도 서귀포시 대정읍 송악관광로 421-1,제주특별자치도 서귀포시 대정읍 상모리 131
1152,1152,재밋섬파크,제주특별자치도 제주시 중앙로14길 18,제주특별자치도 제주시 삼도이동 108-13
1153,1153,헌마공신김만일기념관,서귀포시 남원읍 서성로 919,제주특별자치도 서귀포시 남원읍 한남리 992
1154,1154,돝오름(돗오름),제주특별자치도 제주시 구좌읍 송당리 산 3,제주특별자치도 제주시 구좌읍 송당리 산 3
1155,1155,제주러브랜드[휴업중],제주특별자치도 제주시 1100로 2894-72,제주특별자치도 제주시 연동 680-26
1156,1156,직접 내 손으로 채취할 수 있는 해산물이라구 <제주 바릇잡이 할 수 있는 포인트>,제주특별자치도 제주시 구좌읍 해맞이해안로 1897-27,제주특별자치도 제주시 구좌읍 하도리 22-10
1157,1157,큰엉해안경승지,제주특별자치도 서귀포시 남원읍 태위로 522-17,제주특별자치도 서귀포시 남원읍 남원리 2379-3
1158,1158,하멜상선전시관,제주특별자치도 서귀포시 안덕면 사계남로216번길 24-30,제주특별자치도 서귀포시 안덕면 사계리 116-7
1159,1159,한울랜드,제주특별자치도 제주시 구좌읍 동백로 458,제주특별자치도 제주시 구좌읍 덕천리 766
1160,1160,어승생승마장 Horseland Jeju,제주특별자치도 제주시 1100로 2659 (노형동),제주특별자치도 제주시 노형동 산14-1
1161,1161,용눈이오름 [출입제한 - 자연휴식년제 적용 중],제주특별자치도 제주시 구좌읍 종달논길,제주특별자치도 제주시 구좌읍 종달논길
1162,1162,월정리 카약체험장,제주특별자치도 제주시 구좌읍 일주동로 2361-2,제주특별자치도 제주시 구좌읍 월정리 1400-7
1163,1163,제주에코승마장(구.제주승마장),제주특별자치도 제주시 조천읍 교래리 39-3번지 (비자림로 1065),명제주특별자치도 제주시 조천읍 비자림로 1065
1164,1164,지니어스 로사이,제주특별자치도 서귀포시 성산읍 고성리 21,제주특별자치도 서귀포시 성산읍 고성리 21
1165,1165,퍼시픽 리솜 요트투어 샹그릴라,제주특별자치도 서귀포시 중문관광로 154-17,제주특별자치도 서귀포시 색달동 2950-17
1166,1166,포도갤러리 in 포도호텔,제주특별자치도 서귀포시 안덕면 산록남로 863 포도호텔 지하1층,제주특별자치도 서귀포시 안덕면 상천리 산62-3
1167,1167,하귀해안도로,제주 제주시 애월읍 고내리 445-3,제주 제주시 애월읍 고내리 445-3
1168,1168,하늘여행 행글라이더체험장,제주특별자치도 서귀포시 안덕면 중산간서로 1877,제주특별자치도 서귀포시 안덕면 서광리 775
1169,1169,하모씨워킹,제주특별자치도서귀포시대정읍최남단해안로 130,제주특별자치도 서귀포시 대정읍 하모리 646-20
1170,1170,해적잠수함,제주특별자치도 제주시 한경면 노을해안로 1146,제주특별자치도 제주시 한경면 고산리 3615-6
1171,1171,플레이네이쳐,서귀포시 안덕면 일주서로 1836,제주특별자치도 서귀포시 안덕면 덕수리 산27
1172,1172,뎁스원,제주특별자치도 제주시 한림읍 한림로 375,제주특별자치도 제주시 한림읍 협재리 1890
1173,1173,마린파크,제주특별자치도 서귀포시 안덕면 화순중앙로 132,제주특별자치도 서귀포시 안덕면 화순리 823
1174,1174,바람불어 좋은 날,제주특별자치도 서귀포시 안덕면 사계로 68,제주특별자치도 서귀포시 안덕면 사계리 2982-1
1175,1175,옷 귀마테마타운,제주특별자치도 서귀포시 남원읍 서성로 955-117,제주특별자치도 서귀포시 남원읍 한남리 1631-1
1176,1176,프랑스샤르망,제주시 한림읍 명상로 37,제주특별자치도 제주시 한림읍 명월리 384
1177,1177,로봇스퀘어[운영중단],제주특별자치도 제주시 구좌읍 해맞이해안로 1032,제주특별자치도 제주시 구좌읍 한동리 1294
1178,1178,번개과학체험관(폐업),제주특별자치도 서귀포시 토평공단로 78-27,제주특별자치도 서귀포시 토평동 1799
1179,1179,타보카 월정리투명카약,제주특별자치도 제주시 구좌읍 월정리 1400-4,제주특별자치도 제주시 구좌읍 월정리 1400-4
1180,1180,펌킨 펫하우스 제주신화월드,제주특별자치도 서귀포시 안덕면 신화역사로304번길 38,제주특별자치도 서귀포시 안덕면 서광리 산24
1181,1181,포핑요,제주특별자치도 제주시 아봉로 383,제주특별자치도 제주시 월평동 502-1
1182,1182,필라테스 로와,제주특별자치도 서귀포시 성산읍 신고로22번길 19 (고성리),제주특별자치도 서귀포시 성산읍 고성리 511-7
1183,1183,인투다이브,제주특별자치도 서귀포시 남성중로 169,제주특별자치도 서귀포시 서홍동 561-6
1184,1184,OK승마장,제주특별자치도 서귀포시 표선면 번영로 2595,제주특별자치도 서귀포시 표선면 성읍리 2422
1185,1185,minagrooming(미나그루밍),제주특별자치도 제주시 한림읍 한림해안로 116,제주특별자치도 제주시 한림읍 한림리 1589-4
1186,1186,가시림,제주특별자치도 서귀포시 표선면 녹산로5번길 171 (가시리),제주특별자치도 서귀포시 표선면 가시리 3275
1187,1187,가야금이 흐르는 제주,제주특별자치도 제주시 광양9길 27,제주특별자치도 제주시 이도이동 1175-5
1188,1188,감귤박물관 감귤따기 체험,제주특별자치도 서귀포시 효돈순환로 441,제주특별자치도 서귀포시 신효동 1200-6
1189,1189,그녀들의 글수다,제주특별자치도 제주시 주르레남길 25,제주특별자치도 제주시 해안동 35-114
1190,1190,그랜드스윙,제주특별자치도 서귀포시 성산읍 섭지코지로 107,제주특별자치도 서귀포시 성산읍 고성리 127-2
1191,1191,나드 보컬 스튜디오,제주특별자치도 제주시 중앙로 234-1,제주특별자치도 제주시 이도이동 1768-22
1192,1192,넌걸어난탈래,제주특별자치도 제주시 우도면 2395-5,제주특별자치도 제주시 우도면 2395-5
1193,1193,다이브맵,제주특별자치도 서귀포시 서호중앙로 55,제주특별자치도 서귀포시 서호동 1605
1194,1194,달중이네펫호텔,제주특별자치도 제주시 정존15길 20,제주특별자치도 제주시 노형동 1281-4
1195,1195,담화헌,제주특별자치도 제주시 주르레길 55,제주특별자치도 제주시 해안동 4
1196,1196,댕금님표수제간식,제주특별자치도 제주시 인다4길 41-12,제주특별자치도 제주시 아라일동 6152-7
1197,1197,댕댕스위트,제주특별자치도 제주시 애월읍 하귀9길 2,제주특별자치도 제주시 애월읍 하귀1리 117-1
1198,1198,동쪽송당 동화마을,제주특별자치도 제주시 구좌읍 비자림로 1191,제주특별자치도 제주시 구좌읍 송당리 2860
1199,1199,뒹굴개,제주특별자치도 제주시 삼무로 74,제주특별자치도 제주시 연동 292-10
1200,1200,드르쿰다인성산,제주특별자치도 서귀포시 성산읍 섭지코지로25번길 64,제주특별자치도 서귀포시 성산읍 고성리 372-1
1201,1201,들랑,제주특별자치도 제주시 관덕로4길 14-1,제주특별자치도 제주시 삼도이동 931-2
1202,1202,떠오르길,제주특별자치도 제주시 구좌읍 김녕로1길 51-3,제주특별자치도 제주시 구좌읍 김녕리 1352-3
1203,1203,라이더스랩,제주특별자치도 서귀포시 성산읍 중산간동로 4328-77 (삼달리) 라이더스랩,제주특별자치도 서귀포시 성산읍 삼달리 1768
1204,1204,라이프동물병원,제주특별자치도 제주시 노형3길 21-1,제주특별자치도 제주시 노형동 3794-6
1205,1205,루나폴,제주특별자치도 서귀포시 안덕면 일주서로 1836 루나폴,제주특별자치도 서귀포시 안덕면 덕수리 산27
1206,1206,마이애미함독카페,제주특별자치도 제주시 조천읍 남조로 3069,제주특별자치도 제주시 조천읍 조천리 1429-1
1207,1207,몽story,제주특별자치도 제주시 애월읍 하귀9길 34,제주특별자치도 제주시 애월읍 하귀1리 157-6
1208,1208,몽몽까까,제주특별자치도 제주시 도남로 189,제주특별자치도 제주시 아라일동 6034-5
1209,1209,미띠뽀,제주특별자치도 서귀포시 신서귀로 3,제주특별자치도 서귀포시 법환동 748-1
1210,1210,반치옥 사진관,제주특별자치도 제주시 애월읍 장전로 109-17,제주특별자치도 제주시 애월읍 장전리 332-3
1211,1211,베콩스,제주특별자치도 제주시 조천읍 신북로 479-2,제주특별자치도 제주시 조천읍 함덕리 1045
1212,1212,벨리타 캠핑장,제주특별자치도 제주시 조천읍 중산간동로 1194,제주특별자치도 제주시 조천읍 선흘리 2861-4
1213,1213,봉구의간식제주롯데마트점,제주특별자치도 제주시 연북로 1,제주특별자치도 제주시 노형동 708
1214,1214,블랙벨트 태권도장,제주특별자치도 제주시 정존5길 9 2층,제주특별자치도 제주시 노형동 2524-6
1215,1215,비케이브,제주특별자치도 제주시 조천읍 동백로 122,제주특별자치도 제주시 조천읍 선흘리 161-6
1216,1216,사려니팜,제주특별자치도 제주시 조천읍 남조로 1785-12 (교래리),제주특별자치도 제주시 조천읍 교래리 619
1217,1217,사월의 꿩,제주특별자치도 제주시 구좌읍 번영로 2178,제주특별자치도 제주시 구좌읍 송당리 2744-2
1218,1218,산방산유람선,제주특별자치도 서귀포시 안덕면 화순해안로106번길 16,제주특별자치도 서귀포시 안덕면 화순리 636-15
1219,1219,산양큰엉곶,제주특별자치도제주시 한경면 청수리 956-6,명제주특별자치도 제주시 한경면 연명로 179
1220,1220,삼화훈동물병원,제주특별자치도 제주시 동화로 12,제주특별자치도 제주시 화북일동 1221-13
1221,1221,생약누리,제주특별자치도 서귀포시 돈내코로 260 (상효동) 생약누리,제주특별자치도 서귀포시 상효동 2072
1222,1222,서귀포 강정 크루즈항,제주특별자치도 서귀포시 말질로 261,제주특별자치도 서귀포시 강정동 4665-1
1223,1223,서귀포유람선,제주특별자치도 서귀포시 남성중로 40,제주특별자치도 서귀포시 서홍동 707-5
1224,1224,서담채,제주특별자치도 제주시 1100로 3333,제주특별자치도 제주시 노형동 3784
1225,1225,서프서프,제주특별자치도 제주시 구좌읍 해맞이해안로 468,제주특별자치도 제주시 구좌읍 월정리 4-1
1226,1226,서피플,제주특별자치도 제주시 애월읍 곽지9길 21,제주특별자치도 제주시 애월읍 곽지리 1565-47
1227,1227,성산스쿠버리조트,제주특별자치도 서귀포시 성산읍 일출로 258-5,제주특별자치도 서귀포시 성산읍 성산리 143-4
1228,1228,성읍녹차동굴,제주특별자치도 서귀포시 표선면 중산간동로 4772,제주특별자치도 서귀포시 표선면 성읍리 2197
1229,1229,소암기념관,제주특별자치도 서귀포시 소암로 15,제주특별자치도 서귀포시 서귀동 157-1 소암현중화기념관
1230,1230,솔티 오렌지,제주특별자치도 서귀포시 성산읍 신산중앙로 36,제주특별자치도 서귀포시 성산읍 신산리 436
1231,1231,쇠소깍 전통 조각배 체험,제주특별자치도 서귀포시 쇠소깍로 104,제주특별자치도 서귀포시 하효동 990-1
1232,1232,쇠소깍해양레저타운,제주특별자치도 서귀포시 쇠소깍로 151-8 (하효동),제주특별자치도 서귀포시 하효동 999
1233,1233,숨도(구.석부작박물관),제주특별자치도 서귀포시 일주동로 8941 (호근동),제주특별자치도 서귀포시 호근동 569-2
1234,1234,슈몽슈몽,제주특별자치도 제주시 우정로18길 11,제주특별자치도 제주시 외도일동 642-7
1235,1235,슬리핑라이언,제주특별자치도 서귀포시 안덕면 화순서동로 151,제주특별자치도 서귀포시 안덕면 화순리 2045-5
1236,1236,신흥바다낚시공원(낚고락고),제주특별자치도 제주시 조천읍 조함해안로 247-2,제주특별자치도 제주시 조천읍 신흥리 711-1
1237,1237,아띠스떼21,제주특별자치도 서귀포시 안덕면 동광본동로 14-5,제주특별자치도 서귀포시 안덕면 동광리 968-3
1238,1238,아라i동물병원,제주특별자치도 제주시 인다6길 45,제주특별자치도 제주시 아라일동 6114-14
1239,1239,아라고나이트 고온천(디아넥스호텔),제주특별자치도 서귀포시 안덕면 산록남로762번길 71,제주특별자치도 서귀포시 안덕면 상천리 380-7
1240,1240,아랑조을거리,제주특별자치도 서귀포시 천지로 2,제주특별자치도 서귀포시 서귀동 341
1241,1241,아이존액트 볼링장,제주특별자치도 서귀포시 안덕면 신화역사로304번길 98,제주특별자치도 서귀포시 안덕면 서광리 산35-16
1242,1242,아일랜드 터프팅,"제주특별자치도 제주시 동고산로 1, 3층",제주특별자치도 제주시 이도이동 1180-12
1243,1243,아일랜드 플라워,제주특별자치도 서귀포시 성산읍 서성일로 602,제주특별자치도 서귀포시 성산읍 난산리 2236
1244,1244,아지트포독,제주특별자치도 서귀포시 중앙로 198-20,제주특별자치도 서귀포시 동홍동 1565
1245,1245,아토도예공방,제주특별자치도 서귀포시 남성로 134-1,제주특별자치도 서귀포시 서홍동 744-3
1246,1246,아트진,"제주특별자치도 서귀포시 신서로48번길 31 (강정동, 명성 클리닉 빌딩) 4층 아트진",제주특별자치도 서귀포시 강정동 161-1
1247,1247,아틀리에1950,제주특별자치도 제주시 신광로1길 44 4층,제주특별자치도 제주시 연동 270-21
1248,1248,언더더씨 스쿠버다이빙,제주특별자치도 서귀포시 소암로12번길 9,제주특별자치도 서귀포시 서귀동 65-13
1249,1249,에이스서프,제주특별자치도 제주시 구좌읍 월정7길 62-1,제주특별자치도 제주시 구좌읍 월정리 541
1250,1250,오후 세시의 고양이,제주특별자치도 제주시 설촌로6길 18,제주특별자치도 제주시 삼양이동 2119-3
1251,1251,용연구름다리,제주 제주시 용담1동  2581,제주 제주시 용담1동  2581
1252,1252,웁스마이독,제주특별자치도 서귀포시 안덕면 사계로 112,제주특별자치도 서귀포시 안덕면 사계리 1462-3
1253,1253,원더아일랜드,제주특별자치도 서귀포시 안덕면 신화역사로304번길 89 (서광리) 제주신화월드 서머셋 클럽하우스,제주특별자치도 서귀포시 안덕면 서광리 산24-15
1254,1254,월정퀵서프,제주특별자치도 제주시 구좌읍 해맞이해안로 486,제주특별자치도 제주시 구좌읍 월정리 33-12
1255,1255,위디 탭댄스 스튜디오,제주특별자치도 서귀포시 대정읍 글로벌에듀로 390,제주특별자치도 서귀포시 대정읍 보성리 2476-10
1256,1256,유캔들잇스튜디오,제주특별자치도 제주시 정든로 5,제주특별자치도 제주시 이도이동 396-7
1257,1257,이도씨동물의료센터,제주특별자치도 서귀포시 신서귀로97번길 51,제주특별자치도 서귀포시 강정동 159-8
1258,1258,이루다동물병원,제주특별자치도 제주시 건주로3길 19,제주특별자치도 제주시 도련일동 1917-1
1259,1259,이음새 농장,제주특별자치도 서귀포시 남원읍 위미리 4137-1,제주특별자치도 서귀포시 남원읍 위미리 4137-1
1260,1260,일레븐프리다이빙 제주센터,제주특별자치도 서귀포시 색달로 8,제주특별자치도 서귀포시 색달동 2082-2
1261,1261,잠수타기다이브클럽,제주특별자치도 서귀포시 천지연로41번길 7,제주특별자치도 서귀포시 서귀동 655-12
1262,1262,제라진 어드벤쳐,제주특별자치도 제주시 조천읍 선교로 33,제주특별자치도 제주시 조천읍 선흘리 624-4
1263,1263,제이원카트클럽,제주특별자치도 제주시 연북로 424,제주특별자치도 제주시 도남동 411-6
1264,1264,제이홀스클럽,제주특별자치도 제주시 월산남길 284,제주특별자치도 제주시 해안동 317-2
1265,1265,제주 샘주,제주특별자치도 제주시 애월읍 애원로 283,제주특별자치도 제주시 애월읍 상가리 1997-1
1266,1266,제주 카약올레,제주시 애월읍 애월로1길 22,제주특별자치도 제주시 애월읍 애월리 2490-1
1267,1267,제주 캘리아트,제주특별자치도 제주시 남성로23길 6,제주특별자치도 제주시 삼도이동 819-3
1268,1268,제주가구공방,제주특별자치도 제주시 도련6길 75,제주특별자치도 제주시 도련일동 2206-1
1269,1269,제주바다하늘패러투어,제주특별자치도 제주시 한림읍 한창로 1295,제주특별자치도 제주시 한림읍 금악리 1902-1
1270,1270,제주소리,제주특별자치도 제주시 신대로10길 55,제주특별자치도 제주시 연동 271-2
1271,1271,제주스런서귀포점,제주특별자치도 서귀포시 중산간서로356번길 42,제주특별자치도 서귀포시 도순동 186
1272,1272,제주애견학교,제주특별자치도 제주시 삼의영길 72,제주특별자치도 제주시 아라일동 559
1273,1273,제주웨이브서핑,제주특별자치도 제주시 구좌읍 월정7길 44-1,제주특별자치도 제주시 구좌읍 월정리 10
1274,1274,제주일상식탁,제주특별자치도 서귀포시 남원읍 태위로 402,제주특별자치도 서귀포시 남원읍 위미리 49-14
1275,1275,제주펫스쿨,제주특별자치도 서귀포시 대정읍 칠전로 438,제주특별자치도 서귀포시 대정읍 신도리 7
1276,1276,제주프리다이빙스쿨,제주특별자치도 서귀포시 보목로 88-1,제주특별자치도 서귀포시 보목동 768
1277,1277,제주항 국제크루즈터미널,제주특별자치도 제주시 임항로 191,제주특별자치도 제주시 건입동 908-1
1278,1278,제주해바라기공방,제주특별자치도 제주시 구좌읍 김녕로17길 23,제주특별자치도 제주시 구좌읍 김녕리 1259
1279,1279,제주해양레저타운,제주특별자치도 제주시 서해안로 58,제주특별자치도 제주시 이호일동 374
1280,1280,제주향토음식보전연구원,제주특별자치도 제주시 수덕5길 23,제주특별자치도 제주시 노형동 1284-4
1281,1281,제주힐CC,제주특별자치도 제주시 516로 2596-117,제주특별자치도 제주시 용강동 산5
1282,1282,제주힐링명상센터,제주특별자치도 제주시 애월읍 어음13길 196,제주특별자치도 제주시 애월읍 어음리 49
1283,1283,제지기오름,제주특별자치도 서귀포시 보목동 275-1,제주특별자치도 서귀포시 보목동 275-1
1284,1284,조랑말체험공원,제주특별자치도 서귀포시 표선면 녹산로 381-15,제주특별자치도 서귀포시 표선면 가시리 3149-33
1285,1285,조선한의원,제주특별자치도 제주시 진군남4길 7-1,제주특별자치도 제주시 노형동 682
1286,1286,조수리 농어촌체험마을,제주특별자치도 제주시 한경면 조수리,제주특별자치도 제주시 한경면 조수리
1287,1287,조안베어뮤지엄,제주특별자치도 서귀포시 대포로 113 (대포동),제주특별자치도 서귀포시 대포동 1959
1288,1288,조이다이브,서귀포시 중산간동로 8383,제주특별자치도 서귀포시 서호동 728
1289,1289,조일구락부 옛터,제주특별자치도 제주시 관덕로2길 11,제주특별자치도 제주시 삼도이동 907-4
1290,1290,조천만세동산,제주특별자치도 제주시 조천읍 조천리 1133-2,제주특별자치도 제주시 조천읍 조천리 1133-2
1291,1291,조천비석거리,제주특별자치도 제주시 조천읍 조천리,제주특별자치도 제주시 조천읍 조천리
1292,1292,조천중학원 옛터,제주특별자치도 제주시 조천읍 신북로 264,제주특별자치도 제주시 조천읍 조천리 2347-1
1293,1293,조천함덕해안도로,제주특별자치도 제주시 조천읍 조천8길 14-1,제주특별자치도 제주시 조천읍 조천리 3462
1294,1294,조함해안도로,제주특별자치도 제주시 조천읍 조천리 3037-3,제주특별자치도 제주시 조천읍 조천리 3037-3
1295,1295,족은노꼬메오름,제주특별자치도 제주시 애월읍 유수암리,제주특별자치도 제주시 애월읍 유수암리
1296,1296,족은바리메,제주특별자치도 제주시 애월읍 상가리 산 124,제주특별자치도 제주시 애월읍 상가리 산 124
1297,1297,족은사슴이오름,제주특별자치도 서귀포시 표선면 녹산로 536,제주특별자치도 서귀포시 표선면 가시리 산87-24
1298,1298,존자암지,제주특별자치도 서귀포시 영실로 243,제주특별자치도 서귀포시 하원동 산1-1
1299,1299,종남마을,제주특별자치도,제주특별자치도
1300,1300,종달고망난돌쉼터,제주 제주시 구좌읍 종달리 112-4,제주 제주시 구좌읍 종달리 112-4
1301,1301,종달리수국길,제주특별자치도 제주시 구좌읍 해맞이해안로 2121,제주특별자치도 제주시 구좌읍 종달리 85
1302,1302,종달리전망대,제주특별자치도 제주시 구좌읍 해맞이해안로 2196,제주특별자치도 제주시 구좌읍 종달리 42-5
1303,1303,종달리해변,제주특별자치도 제주시 구좌읍 종달리 565-72,제주특별자치도 제주시 구좌읍 종달리 565-72
1304,1304,종달리해안도로,제주특별자치도 제주시 구좌읍 종달리 630-1,제주특별자치도 제주시 구좌읍 종달리 630-1
1305,1305,좌보미오름,제주특별자치도 서귀포시 표선면 성읍리 산 6,제주특별자치도 서귀포시 표선면 성읍리 산 6
1306,1306,주상절리대(중문대포해안),제주특별자치도 서귀포시 이어도로 36-30,제주특별자치도 서귀포시 중문동 2768-1
1307,1307,주정공장(동척회사) 옛터,제주특별자치도 제주시 임항로 111 (건입동)일대,제주특별자치도 제주시 건입동 918-25
1308,1308,중문골프장,제주특별자치도 서귀포시 중문관광로72번길 60 (색달동),제주특별자치도 서귀포시 색달동 2101
1309,1309,중문관광단지,제주특별자치도 서귀포시 중문관광로72번길 35,제주특별자치도 서귀포시 색달동 2812-4
1310,1310,중문리 신사터,제주특별자치도 서귀포시 천제연로 149,제주특별자치도 서귀포시 중문동 1498
1311,1311,중문미로파크,제주특별자치도 서귀포시 일주서로 1225-5,제주특별자치도 서귀포시 상예동 3600
1312,1312,중문색달해변(해산물),제주특별자치도 서귀포시 중문관광로72번길 114,제주특별자치도 서귀포시 색달동
1313,1313,중문색달해수욕장,제주특별자치도 서귀포시 중문관광로72번길 29-51,제주특별자치도 서귀포시 색달동 2822-12
1314,1314,중문승마공원,제주특별자치도 서귀포시 이어도로 244,제주특별자치도 서귀포시 대포동 2270
1315,1315,중문승마체험장,제주특별자치도 서귀포시 상예로 349-1,제주특별자치도 서귀포시 상예동 151-2
1316,1316,중문카라반,제주특별자치도 서귀포시 이어도로 81,제주특별자치도 서귀포시 대포동 2530
1317,1317,중문컨트리클럽,제주특별자치도 서귀포시 중문관광로72번길 60,제주특별자치도 서귀포시 색달동 2101
1318,1318,중앙병원,제주특별자치도 제주시 월랑로 91,제주특별자치도 제주시 이호이동 22
1319,1319,중엄리새물,제주특별자치도 제주시 애월읍 애월해안로 10-2,제주특별자치도 제주시 애월읍 애월리 2059-5
1320,1320,지그리오름,제주특별자치도 제주시 조천읍 교래리 산 137-1,제주특별자치도 제주시 조천읍 교래리 산 137-1
1321,1321,지그리오름 (큰지그리),제주특별자치도 제주시 조천읍 남조로 2023,제주특별자치도 제주시 조천읍 교래리 산95
1322,1322,지미봉,제주특별자치도 제주시 구좌읍 종달로1길 91-16,제주특별자치도 제주시 구좌읍 종달리 513
1323,1323,진빌레 밭담길,제주특별자치도 제주시 구좌읍 월정리 1400-14,제주특별자치도 제주시 구좌읍 월정리 1400-14
1324,1324,진아영 할머니 집터,제주특별자치도 제주시 한림읍 월령1길 22,제주특별자치도 제주시 한림읍 월령리 381
1325,1325,질그랭이센터,제주특별자치도 제주시 구좌읍 세평항로 46-9,제주특별자치도 제주시 구좌읍 세화리 3641-10
1326,1326,차귀도,제주특별자치도 제주시 한경면 고산리 125,제주특별자치도 제주시 한경면 고산리 125
1327,1327,차귀도달래배낚시체험,제주특별자치도 제주시 한경면 노을해안로 1160,제주특별자치도 제주시 한경면 고산리 3611-2
1328,1328,차귀도요트,제주특별자치도 제주시 한경면 한경해안로 156 2층,제주특별자치도 제주시 한경면 용수리 4240
1329,1329,차귀도유람선,제주특별자치도 제주시 한경면 노을해안로 1163 차귀도유람선,제주특별자치도 제주시 한경면 고산리 3592-1
1330,1330,참살이마을 명도암 농어촌체험마을,제주시 명림로 268-71,제주특별자치도 제주시 봉개동 270-3
1331,1331,창고천생태공원,제주특별자치도 서귀포시 안덕면 일주서로 1524,제주특별자치도 서귀포시 안덕면 감산리 359-1
1332,1332,천아숲길 천아계곡,제주특별자치도 제주시 애월읍 봉성리 산 1,제주특별자치도 제주시 애월읍 봉성리 산 1
1333,1333,"천아오름(틍낭오름,天娥岳)",제주특별자치도 제주시 애월읍 산록서로 678-207,제주특별자치도 제주시 애월읍 광령리 604-1
1334,1334,천왕사,제주특별자치도 제주시 1100로 2528-111,제주특별자치도 제주시 노형동 산20-17
1335,1335,천제연폭포,제주특별자치도 서귀포시 천제연로 132(중문동),제주특별자치도 서귀포시 중문동 2232
1336,1336,천제연폭포 & 제주4.3중문면희생자위령비,제주특별자치도 서귀포시 천제연로 132,제주특별자치도 서귀포시 중문동 2232
1337,1337,천주교 순례길 - 김기량길,제주특별자치도 제주시 조천읍 조천2길 19,제주특별자치도 제주시 조천읍 조천리 3192-1
1338,1338,천주교 순례길 - 김대건길,제주특별자치도 제주시 한경면 고산로 6-3,제주특별자치도 제주시 한경면 고산리 2858-2
1339,1339,천주교 순례길 - 신축화해길,제주특별자치도 제주시 관덕로8길 14,제주특별자치도 제주시 삼도이동 114
1340,1340,천주교 순례길 - 하논성당길,제주특별자치도 서귀포시 태평로 398,제주특별자치도 서귀포시 서귀동 586-1
1341,1341,천주교길 정난주길(고통의길),제주특별자치도 서귀포시 대정읍 추사로247번길 102,제주특별자치도 서귀포시 대정읍 동일리 12
1342,1342,천지연기정길,제주특별자치도 서귀포시 서귀동 961-33,제주특별자치도 서귀포시 서귀동 961-33
1343,1343,천지연폭포,제주특별자치도 서귀포시 남성중로 2-15,제주특별자치도 서귀포시 서홍동 666-1
1344,1344,청수곶자왈,제주특별자치도 제주시 한경면 대한로 1036,제주특별자치도 제주시 한경면 청수리 1571
1345,1345,청수성결교회,제주특별자치도 제주시 한경면 대한로 1067,제주특별자치도 제주시 한경면 청수리 1535
1346,1346,초콜릿랜드,제주특별자치도 서귀포시 중문관광로110번길 15,제주특별자치도 서귀포시 색달동 2864-36
1347,1347,초콜릿박물관,제주특별자치도 서귀포시 대정읍 일주서로3000번길 144,제주특별자치도 서귀포시 대정읍 일과리 551-18
1348,1348,최영장군사당,제주특별자치도 제주시 추자면 대서3길 10,제주특별자치도 제주시 추자면 대서리 31
1349,1349,추사 유배길 - 1코스 집념의 길,제주특별자치도 서귀포시 대정읍 추사로 44,제주특별자치도 서귀포시 대정읍 안성리 1661-1
1350,1350,추사 유배길 - 2코스 인연의 길,제주특별자치도 제주시 한경면 낙수로 228-9,제주특별자치도 제주시 한경면 청수리 2186
1351,1351,추사 유배길 - 3코스 사색의 길,제주특별자치도 서귀포시 안덕면 향교로 165-17,제주특별자치도 서귀포시 안덕면 사계리 3126-1
1352,1352,추사적거지,제주특별자치도 서귀포시 대정읍 추사로 44,제주특별자치도 서귀포시 대정읍 안성리 1661-1
